API ID,API Name,Description,Endpoint,Menu,Method,Related Tables,Screen list,System,説明
PA-DB-003-API-01-Health check,Health check,Kiểm tra trạng thái hoạt động của hệ thống.,/api/v1/admin/dashboard/system-health,Dashboard,GET,central_db.[TBD: system_setting / operation_setting],システム監視ダッシュボード (https://www.notion.so/362f02c407dd807787ceed8f8c0dbfc7?pvs=21),Platform SaaS Admin,システムの稼働状態を確認する。
PA-TEN-001-API-01-Moto tenant list,Moto tenant list,"Lấy danh sách tenant MOTO, hỗ trợ tìm kiếm/lọc.",/api/v1/admin/moto-tenants,Tenant Management,GET,central_db.mst_tenant,派遣元テナント一覧 (https://www.notion.so/362f02c407dd805ab517c72304647945?pvs=21),Platform SaaS Admin,MOTOテナント一覧を取得し、検索・絞り込みに利用する。
PA-TEN-002-API-01-Moto tenant detail,Moto tenant detail,Lấy chi tiết tenant MOTO theo ID.,/api/v1/admin/moto-tenants/{id},Tenant Management,GET,central_db.mst_tenant,派遣元テナント詳細 (https://www.notion.so/362f02c407dd8001be53f6f4f661bd75?pvs=21),Platform SaaS Admin,ID指定でMOTOテナント詳細を取得する。
PA-TEN-003-API-01-Create moto tenant,Create moto tenant,Tạo mới tenant MOTO.,/api/v1/admin/moto-tenants,Tenant Management,POST,central_db.mst_tenant,派遣元テナント作成 (https://www.notion.so/362f02c407dd8042b447e5a078902d6e?pvs=21),Platform SaaS Admin,MOTOテナントを新規作成する。
PA-TEN-001-API-02-Export moto tenant list,Export moto tenant list,Xuất danh sách tenant MOTO ra file.,/api/v1/admin/moto-tenants/export,Tenant Management,GET,central_db.mst_tenant,派遣元テナント一覧 (https://www.notion.so/362f02c407dd805ab517c72304647945?pvs=21),Platform SaaS Admin,MOTOテナント一覧をファイル出力する。
PA-TEN-004-API-01-Update moto tenant,Update moto tenant,Cập nhật tenant MOTO.,/api/v1/admin/moto-tenants/{id},Tenant Management,PATCH,central_db.mst_tenant,派遣元テナント編集 (https://www.notion.so/362f02c407dd80b684f8eccc219e9bb0?pvs=21),Platform SaaS Admin,MOTOテナントを更新する。
PA-TEN-005-API-01-Suspend moto tenant,Suspend moto tenant,Tạm ngưng tenant MOTO.,/api/v1/admin/moto-tenants/{id}/suspend,Tenant Management,PATCH,central_db.mst_tenant,派遣元テナント停止 (https://www.notion.so/362f02c407dd805dbe70e89b68adcfd8?pvs=21),Platform SaaS Admin,MOTOテナントを停止する。
PA-TEN-006-API-01-Restore moto tenant,Restore moto tenant,Khôi phục tenant MOTO.,/api/v1/admin/moto-tenants/{id}/restore,Tenant Management,PATCH,central_db.mst_tenant,派遣元テナント復旧 (https://www.notion.so/362f02c407dd80af8f89c3f5c8944c33?pvs=21),Platform SaaS Admin,MOTOテナントを復旧する。
PA-TEN-007-API-01-Saki tenant list,Saki tenant list,"Lấy danh sách tenant SAKI, hỗ trợ tìm kiếm/lọc.",/api/v1/admin/saki-tenants,Tenant Management,GET,central_db.mst_tenant,派遣先テナント一覧 (https://www.notion.so/362f02c407dd802f9b47f81d86183d6a?pvs=21),Platform SaaS Admin,SAKIテナント一覧を取得し、検索・絞り込みに利用する。
PA-TEN-008-API-01-Saki tenant detail,Saki tenant detail,Lấy chi tiết tenant SAKI theo ID.,/api/v1/admin/saki-tenants/{id},Tenant Management,GET,central_db.mst_tenant,派遣先テナント詳細 (https://www.notion.so/362f02c407dd8013b8dbd9efee214180?pvs=21),Platform SaaS Admin,ID指定でSAKIテナント詳細を取得する。
PA-TEN-007-API-02-Export saki tenant list,Export saki tenant list,Xuất danh sách tenant SAKI ra file.,/api/v1/admin/saki-tenants/export,Tenant Management,GET,central_db.mst_tenant,派遣先テナント一覧 (https://www.notion.so/362f02c407dd802f9b47f81d86183d6a?pvs=21),Platform SaaS Admin,SAKIテナント一覧をファイル出力する。
PA-TEN-009-API-01-Create saki tenant,Create saki tenant,Tạo mới tenant SAKI.,/api/v1/admin/saki-tenants,Tenant Management,POST,central_db.mst_tenant,派遣先テナント作成 (https://www.notion.so/362f02c407dd80a39f14c600c6259c6a?pvs=21),Platform SaaS Admin,SAKIテナントを新規作成する。
PA-TEN-010-API-01-Update saki tenant,Update saki tenant,Cập nhật tenant SAKI.,/api/v1/admin/saki-tenants/{id},Tenant Management,PUT,central_db.mst_tenant,派遣先テナント編集 (https://www.notion.so/362f02c407dd8095b4d2fc09cdf6dbe9?pvs=21),Platform SaaS Admin,SAKIテナントを更新する。
PA-TEN-011-API-01-Suspend saki tenant,Suspend saki tenant,Tạm ngưng tenant SAKI.,/api/v1/admin/saki-tenants/{id}/suspend,Tenant Management,PATCH,central_db.mst_tenant,派遣先テナント停止 (https://www.notion.so/362f02c407dd80ce8f99d2c7f1b293f8?pvs=21),Platform SaaS Admin,SAKIテナントを停止する。
PA-TEN-012-API-01-Restore saki tenant,Restore saki tenant,Khôi phục tenant SAKI.,/api/v1/admin/saki-tenants/{id}/restore,Tenant Management,PATCH,central_db.mst_tenant,派遣先テナント復旧 (https://www.notion.so/362f02c407dd802fab27cd93c2b2e839?pvs=21),Platform SaaS Admin,SAKIテナントを復旧する。
PA-TEN-013-API-01-Tenant feature setting,Tenant feature setting,Cập nhật Tenant feature setting.,/api/v1/admin/tenants/{id}/features,Tenant Management,PATCH,"central_db.mst_tenant, central_db.[TBD: tenant_feature / feature_grant]",テナント機能設定 (https://www.notion.so/362f02c407dd80719186e061162dfc81?pvs=21),Platform SaaS Admin,Tenant feature settingを更新する。
PA-TEN-014-API-01-Tenant Domain Setting,Tenant Domain Setting,Cập nhật Tenant Domain Setting.,/api/v1/admin/tenants/{id}/domains,Tenant Management,PATCH,"central_db.mst_tenant, central_db.[TBD: tenant_domain]",ドメイン設定 (https://www.notion.so/362f02c407dd804cb04be5e33b51f74e?pvs=21),Platform SaaS Admin,Tenant Domain Settingを更新する。
PA-TEN-015-API-01-Tenant Branding Setting,Tenant Branding Setting,Cập nhật Tenant Branding Setting.,/api/v1/admin/tenants/{id}/branding,Tenant Management,PATCH,"central_db.mst_tenant, central_db.[TBD: tenant_branding]",テナントブランド設定 (https://www.notion.so/362f02c407dd80689f50cdd51ad8b969?pvs=21),Platform SaaS Admin,Tenant Branding Settingを更新する。
PA-TEN-016-API-01-Tenant Usage Dashboard,Tenant Usage Dashboard,Lấy tổng quan/trạng thái Tenant Usage Dashboard.,/api/v1/admin/tenants/{id}/usage,Tenant Management,GET,"central_db.mst_tenant, central_db.[TBD: system_setting / operation_setting], central_db.[TBD: platform_user / platform_role], central_db.[TBD: tenant_usage_metric]",テナント利用状況 (https://www.notion.so/362f02c407dd80a68231e93f0e3962f2?pvs=21),Platform SaaS Admin,Tenant Usage Dashboardの概要・状態を取得する。
PA-TEN-018-API-01-Additional Onboarding Procedure,Additional Onboarding Procedure,Tạo mới quy trình onboarding bổ sung.,/api/v1/admin/tenants/{id}/additional-onboarding,Tenant Management,POST,"central_db.mst_tenant, central_db.[TBD: tenant_onboarding]",追加導入手続き (https://www.notion.so/362f02c407dd8058aab8ce87ee2a968f?pvs=21),Platform SaaS Admin,追加オンボーディング手順を新規作成する。
PA-TEN-017-API-01-Tenant Onboarding Status,Tenant Onboarding Status,Lấy tổng quan/trạng thái Tenant Onboarding Status.,/api/v1/admin/tenants/{id}/onboarding,Tenant Management,POST,"central_db.mst_tenant, central_db.[TBD: tenant_onboarding]",導入準備状況 (https://www.notion.so/362f02c407dd80b287ebd4f0f459226c?pvs=21),Platform SaaS Admin,Tenant Onboarding Statusの概要・状態を取得する。
PA-LIC-001-API-01-Tenant Contract List,Tenant Contract List,"Lấy danh sách hợp đồng, hỗ trợ tìm kiếm/lọc.",/api/v1/admin/tenant-contracts,Tenant Contract / Feature Management,GET,"central_db.mst_tenant, central_db.[TBD: tenant_contract]",テナント契約一覧 (https://www.notion.so/362f02c407dd80c1ae2cd18613e3426b?pvs=21),Platform SaaS Admin,契約一覧を取得し、検索・絞り込みに利用する。
PA-LIC-002-API-01-Tenant Contract Detail,Tenant Contract Detail,Lấy chi tiết hợp đồng theo ID.,/api/v1/admin/tenant-contracts/{id},Tenant Contract / Feature Management,GET,"central_db.mst_tenant, central_db.[TBD: tenant_contract]",テナント契約詳細 (https://www.notion.so/362f02c407dd80b19386c9d0c935244d?pvs=21),Platform SaaS Admin,ID指定で契約詳細を取得する。
PA-LIC-003-API-001-Create Tenant Contract,Create Tenant Contract,Tạo mới hợp đồng.,/api/v1/admin/tenant-contracts,Tenant Contract / Feature Management,POST,"central_db.mst_tenant, central_db.[TBD: tenant_contract]",テナント契約作成 (https://www.notion.so/362f02c407dd8099b9afee64d0b6a256?pvs=21),Platform SaaS Admin,契約を新規作成する。
PA-LIC-004-API-01-Update Tenant Contract,Update Tenant Contract,Cập nhật hợp đồng.,/api/v1/admin/tenant-contracts/{id},Tenant Contract / Feature Management,PUT,"central_db.mst_tenant, central_db.[TBD: tenant_contract]",テナント契約編集 (https://www.notion.so/362f02c407dd80efaa57e2542f142dff?pvs=21),Platform SaaS Admin,契約を更新する。
PA-LIC-005-API-01-Tenant Feature Grant Setting,Tenant Feature Grant Setting,Tạo mới Tenant Feature Grant Setting.,/api/v1/admin/tenant-contracts/{id}/features,Tenant Contract / Feature Management,POST,"central_db.mst_tenant, central_db.[TBD: tenant_feature / feature_grant], central_db.[TBD: tenant_contract], central_db.[TBD: tenant_contract_feature]",利用機能付与設定 (https://www.notion.so/362f02c407dd801b9153ea6756db3a31?pvs=21),Platform SaaS Admin,Tenant Feature Grant Settingを新規作成する。
PA-LIC-006-API-01-Usage Limit Setting,Usage Limit Setting,Tạo mới Usage Limit Setting.,/api/v1/admin/tenant-contracts/{id}/limit,Tenant Contract / Feature Management,POST,"central_db.mst_tenant, central_db.[TBD: tenant_contract], central_db.[TBD: tenant_usage_limit], central_db.[TBD: tenant_usage_metric]",,Platform SaaS Admin,Usage Limit Settingを新規作成する。
PA-LIC-007-API-01-Contract Feature History,Contract Feature History,Lấy hợp đồng.,/api/v1/admin/tenant-contracts/{id}/feature-history,Tenant Contract / Feature Management,GET,"central_db.mst_tenant, central_db.[TBD: tenant_feature / feature_grant], central_db.[TBD: tenant_contract], central_db.[TBD: tenant_contract_feature]",利用機能変更履歴 (https://www.notion.so/362f02c407dd808cbb88cc323fa7638a?pvs=21),Platform SaaS Admin,契約を取得する。
PA-LIC-008-API-01-Contract Document List,Contract Document List,"Lấy danh sách tài liệu hợp đồng, hỗ trợ tìm kiếm/lọc.",/api/v1/admin/tenant-contracts/{id}/documents,Tenant Contract / Feature Management,GET,"central_db.mst_tenant, central_db.[TBD: tenant_contract], central_db.[TBD: tenant_contract_document]",契約書管理 (https://www.notion.so/362f02c407dd808cbbebd1bad4d9bc9a?pvs=21),Platform SaaS Admin,契約書類一覧を取得し、検索・絞り込みに利用する。
PA-LIC-008-API-02-Upload Contract Document,Upload Contract Document,Tải lên tài liệu hợp đồng để import/xử lý.,/api/v1/admin/tenant-contracts/{id}/documents,Tenant Contract / Feature Management,POST,"central_db.mst_tenant, central_db.[TBD: tenant_contract], central_db.[TBD: tenant_contract_document]",契約書管理 (https://www.notion.so/362f02c407dd808cbbebd1bad4d9bc9a?pvs=21),Platform SaaS Admin,契約書類をアップロードして取込／処理する。
PA-LIC-008-API-03-Delete Contract Document,Delete Contract Document,Xóa hoặc hủy tài liệu hợp đồng.,/api/v1/admin/tenant-contracts/{id}/documents/{document_id},Tenant Contract / Feature Management,DELETE,"central_db.mst_tenant, central_db.[TBD: tenant_contract], central_db.[TBD: tenant_contract_document]",契約書管理 (https://www.notion.so/362f02c407dd808cbbebd1bad4d9bc9a?pvs=21),Platform SaaS Admin,契約書類を削除または取消する。
PA-LIC-009-API-01-Suspend Tenant Contract,Suspend Tenant Contract,Tạm ngưng hợp đồng.,/api/v1/admin/tenant-contracts/{id}/suspend,Tenant Contract / Feature Management,PATCH,"central_db.mst_tenant, central_db.[TBD: tenant_contract]",テナント契約停止 (https://www.notion.so/362f02c407dd809a93b1cfb1009a92e4?pvs=21),Platform SaaS Admin,契約を停止する。
PA-LIC-010-API-01-Restore Tenant Contract,Restore Tenant Contract,Khôi phục hợp đồng.,/api/v1/admin/tenant-contracts/{id}/restore,Tenant Contract / Feature Management,PATCH,"central_db.mst_tenant, central_db.[TBD: tenant_contract]",テナント契約復旧 (https://www.notion.so/362f02c407dd802e91cfcc4e15f247cf?pvs=21),Platform SaaS Admin,契約を復旧する。
PA-SYS-001-API-01-System Parameter Setting,System Parameter Setting,Lấy thông tin System Parameter Setting.,/api/v1/admin/system/settings,System Management,GET,central_db.[TBD: system_setting / operation_setting],システム設定 (https://www.notion.so/362f02c407dd80008eece7f72df4151d?pvs=21),Platform SaaS Admin,System Parameter Settingの情報を取得する。
PA-SYS-001-API-02-Update System Parameter Setting,Update System Parameter Setting,Cập nhật Update System Parameter Setting.,/api/v1/admin/system/settings,System Management,PUT,central_db.[TBD: system_setting / operation_setting],システム設定 (https://www.notion.so/362f02c407dd80008eece7f72df4151d?pvs=21),Platform SaaS Admin,Update System Parameter Settingを更新する。
PA-SYS-002-API-01-Mail Server Setting,Mail Server Setting,Lấy thông tin Mail Server Setting.,/api/v1/admin/system/mail,System Management,GET,central_db.[TBD: system_setting / operation_setting],メールサーバ設定 (https://www.notion.so/362f02c407dd80ed9ca6e2a3e5c3f0e7?pvs=21),Platform SaaS Admin,Mail Server Settingの情報を取得する。
PA-SYS-002-API-02-Update Mail Server Setting,Update Mail Server Setting,Cập nhật Update Mail Server Setting.,/api/v1/admin/system/mail,System Management,PUT,central_db.[TBD: system_setting / operation_setting],メールサーバ設定 (https://www.notion.so/362f02c407dd80ed9ca6e2a3e5c3f0e7?pvs=21),Platform SaaS Admin,Update Mail Server Settingを更新する。
PA-SYS-003-API-01-Storage Setting,Storage Setting,Lấy thông tin Storage Setting.,/api/v1/admin/system/storage,System Management,GET,central_db.[TBD: system_setting / operation_setting],ストレージ設定 (https://www.notion.so/362f02c407dd80d3b62fc4bdac18035a?pvs=21),Platform SaaS Admin,Storage Settingの情報を取得する。
PA-SYS-003-API-02-Update Storage Setting,Update Storage Setting,Cập nhật Update Storage Setting.,/api/v1/admin/system/storage,System Management,PUT,central_db.[TBD: system_setting / operation_setting],ストレージ設定 (https://www.notion.so/362f02c407dd80d3b62fc4bdac18035a?pvs=21),Platform SaaS Admin,Update Storage Settingを更新する。
PA-SYS-004-API-01-API Key List,API Key List,"Lấy danh sách API Key List, hỗ trợ tìm kiếm/lọc.",/api/v1/admin/system/api-keys,System Management,GET,central_db.[TBD: system_setting / operation_setting],APIキー管理 (https://www.notion.so/API-362f02c407dd80bda0eeea5ce900265e?pvs=21),Platform SaaS Admin,API Key List一覧を取得し、検索・絞り込みに利用する。
PA-SYS-004-API-02-Create API Key,Create API Key,Tạo mới Create API Key.,/api/v1/admin/system/api-keys,System Management,POST,central_db.[TBD: system_setting / operation_setting],APIキー管理 (https://www.notion.so/API-362f02c407dd80bda0eeea5ce900265e?pvs=21),Platform SaaS Admin,Create API Keyを新規作成する。
PA-SYS-004-API-03-Revoke API Key,Revoke API Key,Xóa hoặc hủy Revoke API Key.,/api/v1/admin/system/api-keys/{id},System Management,DELETE,central_db.[TBD: system_setting / operation_setting],APIキー管理 (https://www.notion.so/API-362f02c407dd80bda0eeea5ce900265e?pvs=21),Platform SaaS Admin,Revoke API Keyを削除または取消する。
PA-SYS-005-API-01-Maintenance Mode Status,Maintenance Mode Status,Lấy tổng quan/trạng thái Maintenance Mode Status.,/api/v1/admin/system/maintenance,System Management,GET,central_db.[TBD: system_setting / operation_setting],メンテナンスモード (https://www.notion.so/362f02c407dd804da8c7e124d61514fe?pvs=21),Platform SaaS Admin,Maintenance Mode Statusの概要・状態を取得する。
PA-SYS-005-API-02-Update Maintenance Mode,Update Maintenance Mode,Cập nhật Update Maintenance Mode.,/api/v1/admin/system/maintenance,System Management,PATCH,central_db.[TBD: system_setting / operation_setting],メンテナンスモード (https://www.notion.so/362f02c407dd804da8c7e124d61514fe?pvs=21),Platform SaaS Admin,Update Maintenance Modeを更新する。
PA-SYS-006-API-01-Backup List,Backup List,"Lấy danh sách Backup List, hỗ trợ tìm kiếm/lọc.",/api/v1/admin/system/backups,System Management,GET,central_db.[TBD: system_setting / operation_setting],バックアップ管理 (https://www.notion.so/362f02c407dd804bac67fda445e4b093?pvs=21),Platform SaaS Admin,Backup List一覧を取得し、検索・絞り込みに利用する。
PA-SYS-006-API-02-Create Backup,Create Backup,Tạo mới Create Backup.,/api/v1/admin/system/backups,System Management,POST,central_db.[TBD: system_setting / operation_setting],バックアップ管理 (https://www.notion.so/362f02c407dd804bac67fda445e4b093?pvs=21),Platform SaaS Admin,Create Backupを新規作成する。
PA-SYS-006-API-03-Download Backup,Download Backup,Tải xuống Download Backup.,/api/v1/admin/system/backups/{id}/download,System Management,GET,central_db.[TBD: system_setting / operation_setting],バックアップ管理 (https://www.notion.so/362f02c407dd804bac67fda445e4b093?pvs=21),Platform SaaS Admin,Download Backupをダウンロードする。
PA-USER-001-API-01-Platform User List,Platform User List,"Lấy danh sách Platform User List, hỗ trợ tìm kiếm/lọc.",/api/v1/admin/users,User Management,GET,central_db.[TBD: platform_user / platform_role],管理ユーザー一覧 (https://www.notion.so/362f02c407dd808fbcafed7125f953af?pvs=21),Platform SaaS Admin,Platform User List一覧を取得し、検索・絞り込みに利用する。
PA-USER-002-API-01-Create Platform User,Create Platform User,Tạo mới Create Platform User.,/api/v1/admin/users,User Management,POST,central_db.[TBD: platform_user / platform_role],管理ユーザー作成 (https://www.notion.so/362f02c407dd80828f71f303c244f13e?pvs=21),Platform SaaS Admin,Create Platform Userを新規作成する。
PA-USER-003-API-01-Role Master List,Role Master List,"Lấy danh sách master vai trò/quyền hạn, hỗ trợ tìm kiếm/lọc.",/api/v1/admin/roles,User Management,GET,central_db.[TBD: platform_user / platform_role],権限マスタ (https://www.notion.so/362f02c407dd804c970ced786d7a3f9a?pvs=21),Platform SaaS Admin,ロール／権限マスタ一覧を取得し、検索・絞り込みに利用する。
PA-USER-003-API-02-Create Role,Create Role,Tạo mới Create Role.,/api/v1/admin/roles,User Management,POST,central_db.[TBD: platform_user / platform_role],権限マスタ (https://www.notion.so/362f02c407dd804c970ced786d7a3f9a?pvs=21),Platform SaaS Admin,Create Roleを新規作成する。
PA-USER-003-API-03-Update Role,Update Role,Cập nhật Update Role.,/api/v1/admin/roles/{id},User Management,PUT,central_db.[TBD: platform_user / platform_role],権限マスタ (https://www.notion.so/362f02c407dd804c970ced786d7a3f9a?pvs=21),Platform SaaS Admin,Update Roleを更新する。
PA-USER-004-API-01-Password Reset,Password Reset,Thực hiện quy trình đặt lại mật khẩu.,/api/v1/admin/users/password-reset,User Management,POST,central_db.[TBD: platform_user / platform_role],パスワード初期化 (https://www.notion.so/362f02c407dd8092a46afbe35abf49fb?pvs=21),Platform SaaS Admin,パスワードリセット処理を行う。
PA-USER-005-API-01-Account Lock Status,Account Lock Status,Lấy tổng quan/trạng thái Account Lock Status.,/api/v1/admin/users/lock-management,User Management,GET,central_db.[TBD: platform_user / platform_role],ロック解除 (https://www.notion.so/362f02c407dd801c98f5dcee5dbbaa53?pvs=21),Platform SaaS Admin,Account Lock Statusの概要・状態を取得する。
PA-USER-005-API-02-Lock Platform User,Lock Platform User,Tạo mới Lock Platform User.,/api/v1/admin/users/{id}/lock,User Management,POST,central_db.[TBD: platform_user / platform_role],ロック解除 (https://www.notion.so/362f02c407dd801c98f5dcee5dbbaa53?pvs=21),Platform SaaS Admin,Lock Platform Userを新規作成する。
PA-USER-005-API-03-Unlock Platform User,Unlock Platform User,Tạo mới Unlock Platform User.,/api/v1/admin/users/{id}/unlock,User Management,POST,central_db.[TBD: platform_user / platform_role],ロック解除 (https://www.notion.so/362f02c407dd801c98f5dcee5dbbaa53?pvs=21),Platform SaaS Admin,Unlock Platform Userを新規作成する。
PA-BILL-001-API-01-Billing Dashboard Summary,Billing Dashboard Summary,Lấy tổng quan/trạng thái Billing Dashboard Summary.,/api/v1/admin/billing/dashboard,Billing Management,GET,"central_db.mst_tenant, central_db.[TBD: usage_billing / payment]",利用料金ダッシュボード (https://www.notion.so/362f02c407dd8058b5e3d970daecde07?pvs=21),Platform SaaS Admin,Billing Dashboard Summaryの概要・状態を取得する。
PA-BILL-002-API-01-Usage Billing List,Usage Billing List,"Lấy danh sách tính phí sử dụng, hỗ trợ tìm kiếm/lọc.",/api/v1/admin/billing,Billing Management,GET,"central_db.mst_tenant, central_db.[TBD: usage_billing / payment], central_db.[TBD: tenant_usage_metric]",利用料金一覧 (https://www.notion.so/362f02c407dd8042af27e58a3ee3bd88?pvs=21),Platform SaaS Admin,利用料金一覧を取得し、検索・絞り込みに利用する。
PA-BILL-003-API-01-Usage Billing Detail,Usage Billing Detail,Lấy chi tiết Usage Billing Detail theo ID.,/api/v1/admin/billing/{id},Billing Management,GET,"central_db.mst_tenant, central_db.[TBD: usage_billing / payment], central_db.[TBD: tenant_usage_metric]",利用料金詳細 (https://www.notion.so/362f02c407dd808cba85c3519d6aebd0?pvs=21),Platform SaaS Admin,ID指定でUsage Billing Detailの詳細を取得する。
PA-BILL-004-API-01-Export Billing Invoice,Export Billing Invoice,Xuất hóa đơn ra file.,/api/v1/admin/billing/{id}/export,Billing Management,GET,"central_db.mst_tenant, central_db.[TBD: usage_billing / payment]",請求書DL (https://www.notion.so/DL-362f02c407dd808b829de314c684bf38?pvs=21),Platform SaaS Admin,請求書をファイル出力する。
PA-BILL-005-API-01-Payment Status Management,Payment Status Management,Lấy tổng quan/trạng thái Payment Status Management.,/api/v1/admin/payments,Billing Management,PATCH,"central_db.mst_tenant, central_db.[TBD: usage_billing / payment]",支払管理 (https://www.notion.so/362f02c407dd80dc8a18e6221ce26d6f?pvs=21),Platform SaaS Admin,Payment Status Managementの概要・状態を取得する。
PA-BILL-006-API-01-Overdue Invoice Management,Overdue Invoice Management,Lấy thông tin hóa đơn.,/api/v1/admin/overdue,Billing Management,GET,"central_db.mst_tenant, central_db.[TBD: usage_billing / payment]",,Platform SaaS Admin,請求書の情報を取得する。
ST-AUTH-003-API-01-Request Password Reset,Request Password Reset,Gửi yêu cầu đặt lại mật khẩu.,/api/v1/staff/auth/password/forgot,Authentication,POST,"central_db.mst_tenant, tenant_db.[TBD: staff_account / login_history]","パスワードの再設定 (https://www.notion.so/37df02c407dd80889493f0a8f1a159d4?pvs=21), パスワード再設定申請完了 (https://www.notion.so/37df02c407dd80bfa074e8a311bfaefc?pvs=21), パスワード再設定サポート案内 (https://www.notion.so/37df02c407dd80bdba3ce9017fc6e835?pvs=21)",Staff Mobile APP,パスワードリセット依頼を送信する。
ST-AUTH-001-API-01-Staff login,Staff login,"Đăng nhập, xác thực tài khoản và cấp token truy cập.",/api/v1/staff/auth/login,Authentication,POST,"central_db.mst_tenant, tenant_db.[TBD: staff_account / login_history]",,Staff Mobile APP,ログイン認証を行い、アクセストークンを発行する。
ST-AUTH-002-API-01-Staff logout,Staff logout,Đăng xuất và vô hiệu hóa phiên/token hiện tại.,/api/v1/staff/logout,Authentication,POST,"central_db.mst_tenant, tenant_db.[TBD: staff_account / login_history]",ログアウト (https://www.notion.so/362f02c407dd80d2a6ded0187461706b?pvs=21),Staff Mobile APP,ログアウトし、現在のセッション／トークンを無効化する。
ST-AUTH-003-API-02-Confirm Password Reset,Confirm Password Reset,Xác nhận đặt lại mật khẩu bằng mã/token.,/api/v1/staff/auth/password/reset,Authentication,POST,"central_db.mst_tenant, tenant_db.[TBD: staff_account / login_history]","パスワードの再設定 (https://www.notion.so/37df02c407dd80889493f0a8f1a159d4?pvs=21), パスワード再設定申請完了 (https://www.notion.so/37df02c407dd80bfa074e8a311bfaefc?pvs=21), パスワード再設定サポート案内 (https://www.notion.so/37df02c407dd80bdba3ce9017fc6e835?pvs=21)",Staff Mobile APP,コード／トークンでパスワードリセットを確定する。
ST-AUTH-004-API-01-Get Account Lock Notice,Get Account Lock Notice,Lấy thông tin Get Account Lock Notice.,/api/v1/staff/auth/account-lock,Authentication,GET,"central_db.mst_tenant, tenant_db.[TBD: staff_account / login_history]",アカウントロック通知 (https://www.notion.so/362f02c407dd8087bde6c93e7124432b?pvs=21),Staff Mobile APP,Get Account Lock Noticeの情報を取得する。
ST-HOME-001-API-01-Staff Dashboard,Staff Dashboard,Lấy tổng quan màn hình home của nhân viên.,/api/v1/staff/home/dashboard,Home,GET,"central_db.notification_history, tenant_db.[TBD: notification_read], tenant_db.[TBD: staff_contract / contract], tenant_db.[TBD: staff_attendance / shift_schedule], tenant_db.[TBD: staff_contract / staff_attendance]","派遣元テナント一覧 (https://www.notion.so/362f02c407dd805ab517c72304647945?pvs=21), ホーム (https://www.notion.so/362f02c407dd805bb2efcce341e9458c?pvs=21)",Staff Mobile APP,スタッフホーム概要を取得する。
ST-HOME-002-API-01-Notification List,Notification List,"Lấy danh sách thông báo, hỗ trợ tìm kiếm/lọc.",/api/v1/staff/notifications,Home,GET,"central_db.notification_history, tenant_db.[TBD: notification_read]","お知らせ一覧 (https://www.notion.so/362f02c407dd8019a22af8fd2f80af09?pvs=21), ホーム (https://www.notion.so/362f02c407dd805bb2efcce341e9458c?pvs=21)",Staff Mobile APP,通知一覧を取得し、検索・絞り込みに利用する。
ST-HOME-002-API-02-Mark Notification Read,Mark Notification Read,Đánh dấu thông báo đã đọc.,/api/v1/staff/notifications/{id}/read,Home,PATCH,"central_db.notification_history, tenant_db.[TBD: notification_read]",お知らせ一覧 (https://www.notion.so/362f02c407dd8019a22af8fd2f80af09?pvs=21),Staff Mobile APP,通知を既読に更新する。
ST-HOME-003-API-01-Notification Detail,Notification Detail,Lấy chi tiết thông báo theo ID.,/api/v1/staff/notifications/{id},Home,GET,"central_db.notification_history, tenant_db.[TBD: notification_read]",お知らせ詳細 (https://www.notion.so/362f02c407dd80a6beb1ef6405b511a0?pvs=21),Staff Mobile APP,ID指定で通知詳細を取得する。
ST-CON-001-API-01-Staff Contract List,Staff Contract List,"Lấy danh sách hợp đồng của nhân viên, hỗ trợ tìm kiếm/lọc.",/api/v1/staff/contracts,Contract,GET,tenant_db.[TBD: staff_contract / contract],,Staff Mobile APP,スタッフ契約一覧を取得し、検索・絞り込みに利用する。
ST-CON-002-API-01-Staff Contract Detail,Staff Contract Detail,Lấy chi tiết hợp đồng của nhân viên theo ID.,/api/v1/staff/contracts/{id},Contract,GET,tenant_db.[TBD: staff_contract / contract],,Staff Mobile APP,ID指定でスタッフ契約詳細を取得する。
ST-CON-003-API-01-Download Contract PDF,Download Contract PDF,Tải xuống file PDF hợp đồng.,/api/v1/staff/contracts/{id}/pdf,Contract,GET,tenant_db.[TBD: staff_contract / contract],,Staff Mobile APP,契約PDFをダウンロードする。
ST-CON-004-API-01-Staff Contract History,Staff Contract History,Lấy lịch sử hợp đồng của nhân viên.,/api/v1/staff/contracts/history,Contract,GET,tenant_db.[TBD: staff_contract / contract],,Staff Mobile APP,スタッフ契約履歴を取得する。
ST-ATT-001-API-01-Attendance List,Attendance List,"Lấy danh sách chấm công, hỗ trợ tìm kiếm/lọc.",/api/v1/staff/attendance,Attendance Management,GET,tenant_db.[TBD: staff_attendance / shift_schedule],勤怠一覧 (https://www.notion.so/362f02c407dd80f3bc27f2ce567cd3e9?pvs=21),Staff Mobile APP,勤怠一覧を取得し、検索・絞り込みに利用する。
ST-ATT-002-API-01-Attendance Detail,Attendance Detail,Lấy chi tiết chấm công theo ID.,/api/v1/staff/attendance/{id},Attendance Management,GET,tenant_db.[TBD: staff_attendance / shift_schedule],勤怠詳細 (https://www.notion.so/362f02c407dd804cadbde6e9a71b4f5a?pvs=21),Staff Mobile APP,ID指定で勤怠詳細を取得する。
ST-ATT-003-API-01-Create Attendance,Create Attendance,Tạo mới Create Attendance.,/api/v1/staff/attendance,Attendance Management,POST,tenant_db.[TBD: staff_attendance / shift_schedule],勤怠入力 (https://www.notion.so/362f02c407dd8095b26dec60c24a75d2?pvs=21),Staff Mobile APP,Create Attendanceを新規作成する。
ST-ATT-004-API-01-Update Attendance,Update Attendance,Cập nhật Update Attendance.,/api/v1/staff/attendance/{id},Attendance Management,PATCH,tenant_db.[TBD: staff_attendance / shift_schedule],勤怠修正 (https://www.notion.so/362f02c407dd80f0b9b6cbd1a3f3f40f?pvs=21),Staff Mobile APP,Update Attendanceを更新する。
ST-ATT-005-API-01-Submit Attendance,Submit Attendance,Gửi hoặc xử lý Submit Attendance.,/api/v1/staff/attendance/submit,Attendance Management,POST,tenant_db.[TBD: staff_attendance / shift_schedule],勤怠提出 (https://www.notion.so/362f02c407dd80bfa972cb9915d97259?pvs=21),Staff Mobile APP,Submit Attendanceを送信または処理する。
ST-ATT-006-API-01-Attendance Approval Status,Attendance Approval Status,Lấy thông tin trạng thái phê duyệt chấm công.,/api/v1/staff/attendance/approval-status,Attendance Management,GET,tenant_db.[TBD: staff_attendance / shift_schedule],勤怠承認状況 (https://www.notion.so/362f02c407dd8066bc60e88950e82dd7?pvs=21),Staff Mobile APP,勤怠承認状況の情報を取得する。
ST-ATT-007-API-01-Shift Schedule,Shift Schedule,Lấy thông tin lịch ca làm việc.,/api/v1/staff/shifts,Attendance Management,GET,tenant_db.[TBD: staff_attendance / shift_schedule],シフト予定 (https://www.notion.so/362f02c407dd80d18515ffe0ef78eea8?pvs=21),Staff Mobile APP,シフト予定の情報を取得する。
ST-ATT-008-API-01-Work Schedule Calendar,Work Schedule Calendar,Lấy thông tin lịch làm việc dạng calendar.,/api/v1/staff/calendar,Attendance Management,GET,tenant_db.[TBD: staff_attendance / shift_schedule],勤務カレンダー (https://www.notion.so/362f02c407dd8025b0d2c16d38fd9fb2?pvs=21),Staff Mobile APP,勤務カレンダーの情報を取得する。
ST-ATT-009-API-01-Overtime Alert List,Overtime Alert List,"Lấy danh sách cảnh báo tăng ca, hỗ trợ tìm kiếm/lọc.",/api/v1/staff/overtime-alerts,Attendance Management,GET,tenant_db.[TBD: staff_attendance / shift_schedule],残業アラート (https://www.notion.so/362f02c407dd80aea4f9c3e2566de799?pvs=21),Staff Mobile APP,残業アラート一覧を取得し、検索・絞り込みに利用する。
ST-SET-001-API-01-Get Notification Setting,Get Notification Setting,Lấy thông tin thiết lập thông báo.,/api/v1/staff/settings/notifications,Settings,GET,"central_db.notification_history, tenant_db.[TBD: notification_read], tenant_db.[TBD: staff_setting]",通知設定 (https://www.notion.so/362f02c407dd802eb020c5cc77bf04ba?pvs=21),Staff Mobile APP,通知設定の情報を取得する。
ST-SET-001-API-02-Update Notification Setting,Update Notification Setting,Cập nhật thiết lập thông báo.,/api/v1/staff/settings/notifications,Settings,PATCH,"central_db.notification_history, tenant_db.[TBD: notification_read], tenant_db.[TBD: staff_setting]",通知設定 (https://www.notion.so/362f02c407dd802eb020c5cc77bf04ba?pvs=21),Staff Mobile APP,通知設定を更新する。
ST-SET-002-API-01-Get Language Setting,Get Language Setting,Lấy thông tin thiết lập ngôn ngữ.,/api/v1/staff/settings/language,Settings,GET,tenant_db.[TBD: staff_setting],言語設定 (https://www.notion.so/362f02c407dd80fcb79df4a070c07ba5?pvs=21),Staff Mobile APP,言語設定の情報を取得する。
ST-SET-002-API-02-Update Language Setting,Update Language Setting,Cập nhật thiết lập ngôn ngữ.,/api/v1/staff/settings/language,Settings,PATCH,tenant_db.[TBD: staff_setting],言語設定 (https://www.notion.so/362f02c407dd80fcb79df4a070c07ba5?pvs=21),Staff Mobile APP,言語設定を更新する。
ST-SET-003-API-01-App Version Information,App Version Information,Lấy thông tin thông tin phiên bản ứng dụng.,/api/v1/staff/settings/version,Settings,GET,"tenant_db.[TBD: staff_setting], central_db.[TBD: app_version]",バージョン情報 (https://www.notion.so/362f02c407dd80e886aedaa8d78e4465?pvs=21),Staff Mobile APP,アプリバージョン情報の情報を取得する。
ST-SET-004-API-01-Terms And Privacy,Terms And Privacy,Lấy thông tin điều khoản sử dụng và chính sách riêng tư.,/api/v1/staff/settings/policy,Settings,GET,"tenant_db.[TBD: staff_setting], central_db.[TBD: terms_privacy_policy]",利用規約・プライバシー (https://www.notion.so/362f02c407dd80378821fe94ed1f5bb1?pvs=21),Staff Mobile APP,利用規約・プライバシーポリシーの情報を取得する。
MO-REQ-001-API-02-Export Request List,Export Request List,Xuất danh sách yêu cầu ra file.,/api/v1/moto/requestst/export,Request Management,GET,"central_db.r_deal_moto_saki, tenant_db.[TBD: staffing_request / estimate_response], tenant_db.[TBD: staff], tenant_db.[TBD: staff_skill / employment_history / account]",派遣照会一覧 (https://www.notion.so/362f02c407dd803cbce3df75f1066096?pvs=21),MOTO Portal,依頼一覧をファイル出力する。
MO-REQ-002-API-01-Get Request Detail,Get Request Detail,Lấy chi tiết yêu cầu theo ID.,/api/v1/moto/requests/{id},Request Management,GET,"central_db.r_deal_moto_saki, tenant_db.[TBD: staffing_request / estimate_response], tenant_db.[TBD: staff], tenant_db.[TBD: staff_skill / employment_history / account]",派遣照会詳細 (https://www.notion.so/362f02c407dd80fb8e3ef701dfd046cb?pvs=21),MOTO Portal,ID指定で依頼詳細を取得する。
MO-CON-001-API-01-Get Contract List,Get Contract List,"Lấy danh sách hợp đồng, hỗ trợ tìm kiếm/lọc.",/api/v1/moto/contracts/contract-list,Contract Management,GET,"central_db.r_deal_moto_saki, tenant_db.[TBD: contract / contract_document]",契約一覧 (https://www.notion.so/362f02c407dd807cb827f5b2512d0f7c?pvs=21),MOTO Portal,契約一覧を取得し、検索・絞り込みに利用する。
MO-REQ-004-API-01-Submit/Process Staffing Response,Submit/Process Staffing Response,Gửi hoặc xử lý phản hồi yêu cầu nhân sự.,/api/v1/moto/requests/staffing-response/submit,Request Management,POST,"central_db.r_deal_moto_saki, tenant_db.[TBD: staffing_request / estimate_response], tenant_db.[TBD: staff], tenant_db.[TBD: staff_skill / employment_history / account]",派遣照会回答 (https://www.notion.so/362f02c407dd80049751c61437cec1c7?pvs=21),MOTO Portal,人材依頼回答を送信または処理する。
MO-REQ-003-API-01-Submit/Process Estimate Response,Submit/Process Estimate Response,Gửi hoặc xử lý phản hồi báo giá.,/api/v1/moto/requests/estimate-response/submit,Request Management,POST,"central_db.r_deal_moto_saki, tenant_db.[TBD: staffing_request / estimate_response]",見積回答 (https://www.notion.so/362f02c407dd8029aff5d0b4e0568062?pvs=21),MOTO Portal,見積回答を送信または処理する。
MO-CON-002-API-01-Get Contract Detail・Edit,Get Contract Detail・Edit,Lấy chi tiết/chỉnh sửa hợp đồng theo ID.,/api/v1/moto/contracts/contract-detail-edit,Contract Management,GET,"central_db.r_deal_moto_saki, tenant_db.[TBD: contract / contract_document]",契約詳細 (https://www.notion.so/362f02c407dd80b480f8d26ab47c255f?pvs=21),MOTO Portal,ID指定で契約詳細／編集を取得する。
MO-CON-002-API-02-Update Contract Detail・Edit,Update Contract Detail・Edit,Cập nhật chi tiết/chỉnh sửa hợp đồng.,/api/v1/moto/contracts/contract-detail-edit,Contract Management,PATCH,"central_db.r_deal_moto_saki, tenant_db.[TBD: contract / contract_document]",契約詳細 (https://www.notion.so/362f02c407dd80b480f8d26ab47c255f?pvs=21),MOTO Portal,契約詳細／編集を更新する。
MO-CON-003-API-01-Create Create Contract,Create Create Contract,Tạo mới hợp đồng.,/api/v1/moto/contracts,Contract Management,POST,"central_db.r_deal_moto_saki, tenant_db.[TBD: contract / contract_document]",契約作成 (https://www.notion.so/362f02c407dd800099cbd7b6c336cf14?pvs=21),MOTO Portal,契約を新規作成する。
MO-CON-004-API-01-Create Create Contract From Request,Create Create Contract From Request,Tạo mới hợp đồng.,/api/v1/moto/contracts,Contract Management,POST,"central_db.r_deal_moto_saki, tenant_db.[TBD: staffing_request / estimate_response], tenant_db.[TBD: contract / contract_document], tenant_db.[TBD: staff], tenant_db.[TBD: staff_skill / employment_history / account]",派遣照会から契約作成 (https://www.notion.so/362f02c407dd80bca656e1a9e0bdb7c5?pvs=21),MOTO Portal,契約を新規作成する。
MO-CON-005-API-01-Get Draft Contract List,Get Draft Contract List,"Lấy danh sách hợp đồng nháp, hỗ trợ tìm kiếm/lọc.",/api/v1/moto/contracts/draft-contract-list,Contract Management,GET,"central_db.r_deal_moto_saki, tenant_db.[TBD: contract / contract_document]",作成中契約一覧 (https://www.notion.so/362f02c407dd8008b36ad59dbe7ee473?pvs=21),MOTO Portal,下書き契約一覧を取得し、検索・絞り込みに利用する。
MO-CON-006-API-01-Get Contract Extension,Get Contract Extension,Lấy thông tin gia hạn hợp đồng.,/api/v1/moto/contracts/contract-extension,Contract Management,GET,"central_db.r_deal_moto_saki, tenant_db.[TBD: contract / contract_document]",契約延長 (https://www.notion.so/362f02c407dd80069d16f5d6d47b2072?pvs=21),MOTO Portal,契約延長の情報を取得する。
MO-CON-007-API-01-Get Contract End,Get Contract End,Lấy thông tin kết thúc hợp đồng.,/api/v1/moto/contracts/contract-end,Contract Management,GET,"central_db.r_deal_moto_saki, tenant_db.[TBD: contract / contract_document]",契約終了 (https://www.notion.so/362f02c407dd8078bbe2e2f26c61dd91?pvs=21),MOTO Portal,契約終了の情報を取得する。
MO-CON-008-API-01-Upload Contract Upload,Upload Contract Upload,Tải lên file hợp đồng để import/xử lý.,/api/v1/moto/contracts/uploads,Contract Management,POST,"central_db.r_deal_moto_saki, tenant_db.[TBD: contract / contract_document], tenant_db.[TBD: file_upload_history / upload_result / validation_error]",契約アップロード (https://www.notion.so/362f02c407dd80c4abf0ec0ee86b1c51?pvs=21),MOTO Portal,契約ファイルをアップロードして取込／処理する。
MO-CON-008-API-02-Get Upload Result,Get Upload Result,Xem kết quả upload/import.,/api/v1/moto/contracts/uploads/results,Contract Management,GET,"central_db.r_deal_moto_saki, tenant_db.[TBD: contract / contract_document], tenant_db.[TBD: file_upload_history / upload_result / validation_error]",契約アップロード (https://www.notion.so/362f02c407dd80c4abf0ec0ee86b1c51?pvs=21),MOTO Portal,アップロード／取込結果を確認する。
MO-ATT-001-API-01-Get Attendance Dashboard,Get Attendance Dashboard,Lấy tổng quan chấm công.,/api/v1/moto/attendance/attendance-dashboard,Attendance Management,GET,"tenant_db.[TBD: attendance / attendance_approval], tenant_db.[TBD: contract / staff]",勤怠TOP (https://www.notion.so/TOP-362f02c407dd8027906ed2c6b6ce2674?pvs=21),MOTO Portal,勤怠概要を取得する。
MO-ATT-002-API-01-Get Attendance Search,Get Attendance Search,"Lấy danh sách tìm kiếm chấm công, hỗ trợ tìm kiếm/lọc.",/api/v1/moto/attendance/attendance-search,Attendance Management,GET,"tenant_db.[TBD: attendance / attendance_approval], tenant_db.[TBD: contract / staff]",勤怠検索 (https://www.notion.so/362f02c407dd80bfae28d5674b088a0b?pvs=21),MOTO Portal,勤怠検索一覧を取得し、検索・絞り込みに利用する。
MO-ATT-003-API-01-Get Attendance Detail,Get Attendance Detail,Lấy chi tiết chấm công theo ID.,/api/v1/moto/attendance/{id},Attendance Management,GET,"tenant_db.[TBD: attendance / attendance_approval], tenant_db.[TBD: contract / staff]",勤怠詳細 (https://www.notion.so/362f02c407dd802b9625feb5c689bbb0?pvs=21),MOTO Portal,ID指定で勤怠詳細を取得する。
MO-ATT-004-API-01-Submit/Process Proxy Attendance,Submit/Process Proxy Attendance,Gửi hoặc xử lý chấm công thay.,/api/v1/moto/attendance/proxy-attendance/submit,Attendance Management,POST,"tenant_db.[TBD: attendance / attendance_approval], tenant_db.[TBD: contract / staff], tenant_db.[TBD: staff], tenant_db.[TBD: staff_skill / employment_history / account]",代理申請 (https://www.notion.so/362f02c407dd80f8a03bc30420858fd2?pvs=21),MOTO Portal,代理勤怠を送信または処理する。
MO-ATT-005-API-01-Submit/Process Pending Attendance List,Submit/Process Pending Attendance List,"Lấy danh sách chấm công chờ xử lý, hỗ trợ tìm kiếm/lọc.",/api/v1/moto/attendance/pending-attendance-list/submit,Attendance Management,POST,"tenant_db.[TBD: attendance / attendance_approval], tenant_db.[TBD: contract / staff]",未申請一覧 (https://www.notion.so/362f02c407dd8005b4e3c32ca7fb33a2?pvs=21),MOTO Portal,処理待ち勤怠一覧を取得し、検索・絞り込みに利用する。
MO-ATT-006-API-01-Submit/Process Pending Approval List,Submit/Process Pending Approval List,Phê duyệt danh sách chờ phê duyệt.,/api/v1/moto/attendance/pending-approval-list/submit,Attendance Management,POST,"tenant_db.[TBD: attendance / attendance_approval], tenant_db.[TBD: contract / staff]",未承認一覧 (https://www.notion.so/362f02c407dd8097bfc6fa2b3a268c0b?pvs=21),MOTO Portal,承認待ち一覧を承認する。
MO-BILL-001-API-01-Get Invoice List,Get Invoice List,"Lấy danh sách hóa đơn, hỗ trợ tìm kiếm/lọc.",/api/v1/moto/billing/invoice-list,Billing Management,GET,"tenant_db.[TBD: invoice / billing], tenant_db.[TBD: attendance]",請求一覧 (https://www.notion.so/362f02c407dd803c9593f44646da0867?pvs=21),MOTO Portal,請求書一覧を取得し、検索・絞り込みに利用する。
MO-BILL-002-API-01-Get Invoice Detail,Get Invoice Detail,Lấy chi tiết hóa đơn theo ID.,/api/v1/moto/billing/{id},Billing Management,GET,"tenant_db.[TBD: invoice / billing], tenant_db.[TBD: attendance]",請求詳細 (https://www.notion.so/362f02c407dd806682a7c9c190237d10?pvs=21),MOTO Portal,ID指定で請求書詳細を取得する。
MO-BILL-003-API-01-Create Create Invoice,Create Create Invoice,Tạo mới hóa đơn.,/api/v1/moto/billing,Billing Management,POST,"tenant_db.[TBD: attendance / attendance_approval], tenant_db.[TBD: contract / staff], tenant_db.[TBD: invoice / billing], tenant_db.[TBD: attendance]",請求書作成 (https://www.notion.so/362f02c407dd80a097b2cc1b7f51c2ce?pvs=21),MOTO Portal,請求書を新規作成する。
MO-BILL-004-API-01-Submit/Process Submit Invoice,Submit/Process Submit Invoice,Gửi hoặc xử lý gửi hóa đơn.,/api/v1/moto/billing/submit-invoice/submit,Billing Management,POST,"tenant_db.[TBD: invoice / billing], tenant_db.[TBD: attendance]",請求書提出 (https://www.notion.so/362f02c407dd806b891cf5c1c676e058?pvs=21),MOTO Portal,請求書提出を送信または処理する。
MO-STF-001-API-01-Get Staff List,Get Staff List,"Lấy danh sách nhân viên, hỗ trợ tìm kiếm/lọc.",/api/v1/moto/staff/staff-list,Staff Management,GET,"tenant_db.[TBD: staff], tenant_db.[TBD: staff_skill / employment_history / account]",スタッフ一覧 (https://www.notion.so/362f02c407dd80faa158f3bf900f6d91?pvs=21),MOTO Portal,スタッフ一覧を取得し、検索・絞り込みに利用する。
MO-STF-002-API-01-Create Create Staff,Create Create Staff,Tạo mới nhân viên.,/api/v1/moto/staff,Staff Management,POST,"tenant_db.[TBD: staff], tenant_db.[TBD: staff_skill / employment_history / account]",スタッフ登録 (https://www.notion.so/362f02c407dd8072b4a8c9c2e7725249?pvs=21),MOTO Portal,スタッフを新規作成する。
MO-SET-001-API-01-Get Company Master,Get Company Master,Lấy thông tin master công ty.,/api/v1/moto/settings/company-master,Company Settings,GET,tenant_db.mst_moto_company,企業マスタ (https://www.notion.so/362f02c407dd803bad24cf4c961d6794?pvs=21),MOTO Portal,会社マスタの情報を取得する。
MO-SET-001-API-02-Update Company Master,Update Company Master,Cập nhật master công ty.,/api/v1/moto/settings/company-master,Company Settings,PATCH,tenant_db.mst_moto_company,企業マスタ (https://www.notion.so/362f02c407dd803bad24cf4c961d6794?pvs=21),MOTO Portal,会社マスタを更新する。
MO-SET-002-API-01-Get Branch Master,Get Branch Master,Lấy thông tin master chi nhánh/văn phòng.,/api/v1/moto/settings/branch-master,Company Settings,GET,"tenant_db.mst_moto_company, tenant_db.mst_moto_office",事業所マスタ (https://www.notion.so/362f02c407dd80aabedcd4c9a9b70a62?pvs=21),MOTO Portal,拠点／事業所マスタの情報を取得する。
MO-SET-002-API-02-Update Branch Master,Update Branch Master,Cập nhật master chi nhánh/văn phòng.,/api/v1/moto/settings/branch-master,Company Settings,PATCH,"tenant_db.mst_moto_company, tenant_db.mst_moto_office",事業所マスタ (https://www.notion.so/362f02c407dd80aabedcd4c9a9b70a62?pvs=21),MOTO Portal,拠点／事業所マスタを更新する。
MO-SET-003-API-01-Get Department Master,Get Department Master,Lấy thông tin master phòng ban.,/api/v1/moto/settings/department-master,Company Settings,GET,"tenant_db.mst_moto_company, tenant_db.mst_moto_department",部署マスタ (https://www.notion.so/362f02c407dd80369d29d07893b4b03f?pvs=21),MOTO Portal,部門マスタの情報を取得する。
MO-SET-003-API-02-Update Department Master,Update Department Master,Cập nhật master phòng ban.,/api/v1/moto/settings/department-master,Company Settings,PATCH,"tenant_db.mst_moto_company, tenant_db.mst_moto_department",部署マスタ (https://www.notion.so/362f02c407dd80369d29d07893b4b03f?pvs=21),MOTO Portal,部門マスタを更新する。
MO-SET-004-API-01-Get User Master,Get User Master,Lấy thông tin master người dùng.,/api/v1/moto/settings/user-master,Company Settings,GET,"tenant_db.mst_moto_user, tenant_db.mst_moto_company, tenant_db.mst_moto_office, tenant_db.mst_moto_department","ユーザーマスタ (https://www.notion.so/362f02c407dd801db088db7823901131?pvs=21), ユーザー登録 (https://www.notion.so/380f02c407dd806496f9d41cf16bdfbb?pvs=21), ユーザー編集 (https://www.notion.so/380f02c407dd80fca03bf23a5900cfb6?pvs=21)",MOTO Portal,ユーザーマスタの情報を取得する。
MO-SET-004-API-02-Update User Master,Update User Master,Cập nhật master người dùng.,/api/v1/moto/settings/user-master,Company Settings,PATCH,"tenant_db.mst_moto_user, tenant_db.mst_moto_company, tenant_db.mst_moto_office, tenant_db.mst_moto_department","ユーザーマスタ (https://www.notion.so/362f02c407dd801db088db7823901131?pvs=21), ユーザー登録 (https://www.notion.so/380f02c407dd806496f9d41cf16bdfbb?pvs=21), ユーザー編集 (https://www.notion.so/380f02c407dd80fca03bf23a5900cfb6?pvs=21)",MOTO Portal,ユーザーマスタを更新する。
MO-SET-005-API-01-Get Role Master,Get Role Master,Lấy thông tin master vai trò/quyền hạn.,/api/v1/moto/settings/role-master,Company Settings,GET,"tenant_db.mst_moto_user, tenant_db.[TBD: role / permission]",権限マスタ (https://www.notion.so/362f02c407dd800c9eb1f04db0997084?pvs=21),MOTO Portal,ロール／権限マスタの情報を取得する。
MO-SET-005-API-02-Update Role Master,Update Role Master,Cập nhật master vai trò/quyền hạn.,/api/v1/moto/settings/role-master,Company Settings,PATCH,"tenant_db.mst_moto_user, tenant_db.[TBD: role / permission]",権限マスタ (https://www.notion.so/362f02c407dd800c9eb1f04db0997084?pvs=21),MOTO Portal,ロール／権限マスタを更新する。
MO-SET-007-API-02-Update Workplace Type Master,Update Workplace Type Master,Cập nhật master loại nơi làm việc.,/api/v1/moto/settings/workplace-type-master,Company Settings,PATCH,tenant_db.[TBD: workplace_type_master],就業場所区分マスタ (https://www.notion.so/362f02c407dd8099ac54d5f106e9a4a8?pvs=21),MOTO Portal,勤務場所区分マスタを更新する。
MO-SET-007-API-01-Get Workplace Type Master,Get Workplace Type Master,Lấy thông tin master loại nơi làm việc.,/api/v1/moto/settings/workplace-type-master,Company Settings,GET,tenant_db.[TBD: workplace_type_master],就業場所区分マスタ (https://www.notion.so/362f02c407dd8099ac54d5f106e9a4a8?pvs=21),MOTO Portal,勤務場所区分マスタの情報を取得する。
MO-SET-006-API-02-Update Attendance Type Master,Update Attendance Type Master,Cập nhật master loại chấm công.,/api/v1/moto/settings/attendance-type-master,Company Settings,PATCH,"tenant_db.[TBD: attendance_type_master], tenant_db.[TBD: attendance / attendance_approval], tenant_db.[TBD: contract / staff]",勤怠区分マスタ (https://www.notion.so/362f02c407dd8049844bf96e4447d0ea?pvs=21),MOTO Portal,勤怠区分マスタを更新する。
MO-SET-008-API-02-Update Mail Alert Setting,Update Mail Alert Setting,Cập nhật thiết lập cảnh báo email.,/api/v1/moto/settings/mail-alert-setting,Company Settings,PATCH,"tenant_db.mst_moto_user, tenant_db.[TBD: mail_alert_setting]",メール・アラーム設定 (https://www.notion.so/362f02c407dd80f8a93dcb1e8cdc5153?pvs=21),MOTO Portal,メール通知設定を更新する。
MO-SET-008-API-01-Get Mail Alert Setting,Get Mail Alert Setting,Lấy thông tin thiết lập cảnh báo email.,/api/v1/moto/settings/mail-alert-setting,Company Settings,GET,"tenant_db.mst_moto_user, tenant_db.[TBD: mail_alert_setting], central_db.notification_history",メール・アラーム設定 (https://www.notion.so/362f02c407dd80f8a93dcb1e8cdc5153?pvs=21),MOTO Portal,メール通知設定の情報を取得する。
MO-REQ-005-API-01-Get Response History,Get Response History,Lấy lịch sử phản hồi.,/api/v1/moto/requests/response-history,Request Management,GET,"central_db.r_deal_moto_saki, tenant_db.[TBD: staffing_request / estimate_response]"," 見積/派遣照会回答履歴 (https://www.notion.so/362f02c407dd80ce8552e450d8c3ebbd?pvs=21)",MOTO Portal,回答履歴を取得する。
MO-CON-009-API-01-Export Contract Document Download,Export Contract Document Download,Tải xuống tài liệu hợp đồng.,/api/v1/moto/contracts/contract-document-download/export,Contract Management,GET,"central_db.r_deal_moto_saki, tenant_db.[TBD: contract / contract_document], tenant_db.[TBD: download_history / file]",契約帳票DL (https://www.notion.so/DL-362f02c407dd8022a5a4ddfbe5bfbc0b?pvs=21),MOTO Portal,契約書類をダウンロードする。
MO-ATT-007-API-01-Export Attendance Export,Export Attendance Export,Xuất dữ liệu chấm công ra file.,/api/v1/moto/attendance/attendance-export/export,Attendance Management,GET,"tenant_db.[TBD: attendance / attendance_approval], tenant_db.[TBD: contract / staff]",勤怠/集計DL (https://www.notion.so/DL-362f02c407dd80c69920c493b9811e1d?pvs=21),MOTO Portal,勤怠データをファイル出力する。
MO-AUTH-001-API-01-Login,Login,"Đăng nhập, xác thực tài khoản và cấp token truy cập.",/api/v1/moto/auth/login,Common,POST,"central_db.mst_tenant, tenant_db.mst_moto_user, tenant_db.[TBD: login_history / access_token]",ログイン (https://www.notion.so/362f02c407dd80d8ae5cf7086b4c3dd1?pvs=21),MOTO Portal,ログイン認証を行い、アクセストークンを発行する。
MO-AUTH-002-API-01-Logout,Logout,Đăng xuất và vô hiệu hóa phiên/token hiện tại.,/api/v1/moto/auth/logout,Common,POST,"central_db.mst_tenant, tenant_db.mst_moto_user, tenant_db.[TBD: login_history / access_token]",ログアウト (https://www.notion.so/362f02c407dd800db28ed53e0ae57a60?pvs=21),MOTO Portal,ログアウトし、現在のセッション／トークンを無効化する。
MO-AUTH-003-API-01-Change Password,Change Password,Đổi mật khẩu cho tài khoản đang đăng nhập.,/api/v1/moto/auth/password/change,Common,POST,"central_db.mst_tenant, tenant_db.mst_moto_user, tenant_db.[TBD: login_history / access_token]",パスワード変更 (https://www.notion.so/362f02c407dd808daf09f5da89dd252d?pvs=21),MOTO Portal,ログイン中ユーザーのパスワードを変更する。
MO-AUTH-004-API-01-Request Password Reset,Request Password Reset,Gửi yêu cầu đặt lại mật khẩu.,/api/v1/moto/auth/password-reset/request,Common,POST,"central_db.mst_tenant, tenant_db.mst_moto_user, tenant_db.[TBD: login_history / access_token], central_db.r_deal_moto_saki, tenant_db.[TBD: staffing_request / estimate_response], tenant_db.[TBD: staff], tenant_db.[TBD: staff_skill / employment_history / account]",パスワード初期化 (https://www.notion.so/362f02c407dd808b9f91f477cdfe18e4?pvs=21),MOTO Portal,パスワードリセット依頼を送信する。
MO-AUTH-004-API-02-Confirm Password Reset,Confirm Password Reset,Xác nhận đặt lại mật khẩu bằng mã/token.,/api/v1/moto/auth/password-reset/confirm,Common,POST,"central_db.mst_tenant, tenant_db.mst_moto_user, tenant_db.[TBD: login_history / access_token]",パスワード初期化 (https://www.notion.so/362f02c407dd808b9f91f477cdfe18e4?pvs=21),MOTO Portal,コード／トークンでパスワードリセットを確定する。
MO-COM-007-API-01-Get User Operation Log,Get User Operation Log,Lấy nhật ký thao tác người dùng.,/api/v1/moto/common/user-operation-log,Common,GET,"tenant_db.mst_moto_user, tenant_db.mst_moto_company, tenant_db.mst_moto_office, tenant_db.mst_moto_department",操作履歴 (https://www.notion.so/362f02c407dd803b8cacdcfc7bb21cf9?pvs=21),MOTO Portal,ユーザー操作ログを取得する。
MO-ATT-010-API-01-Get Legal Holiday Setting,Get Legal Holiday Setting,Lấy thông tin thiết lập ngày nghỉ pháp định.,/api/v1/moto/attendance/legal-holiday-setting,Attendance Management,GET,"tenant_db.[TBD: attendance / attendance_approval], tenant_db.[TBD: contract / staff], tenant_db.[TBD: invoice / billing], tenant_db.[TBD: attendance], tenant_db.[TBD: legal_holiday_setting]",法定休日設定 (https://www.notion.so/362f02c407dd803199bbc6262a86716b?pvs=21),MOTO Portal,法定休日設定の情報を取得する。
MO-ATT-010-API-02-Update Legal Holiday Setting,Update Legal Holiday Setting,Cập nhật thiết lập ngày nghỉ pháp định.,/api/v1/moto/attendance/legal-holiday-setting,Attendance Management,PATCH,"tenant_db.[TBD: attendance / attendance_approval], tenant_db.[TBD: contract / staff], tenant_db.[TBD: legal_holiday_setting]",法定休日設定 (https://www.notion.so/362f02c407dd803199bbc6262a86716b?pvs=21),MOTO Portal,法定休日設定を更新する。
MO-BILL-010-API-01-Get Billing Default Setting,Get Billing Default Setting,Lấy thông tin thiết lập mặc định hóa đơn.,/api/v1/moto/billing/billing-default-setting,Billing Management,GET,"tenant_db.[TBD: invoice / billing], tenant_db.[TBD: attendance], tenant_db.[TBD: default_setting]",請求書初期値設定 (https://www.notion.so/362f02c407dd8045992bfdccf9364f97?pvs=21),MOTO Portal,請求デフォルト設定の情報を取得する。
MO-BILL-010-API-02-Update Billing Default Setting,Update Billing Default Setting,Cập nhật thiết lập mặc định hóa đơn.,/api/v1/moto/billing/billing-default-setting,Billing Management,PATCH,"tenant_db.[TBD: invoice / billing], tenant_db.[TBD: attendance], tenant_db.[TBD: default_setting]",請求書初期値設定 (https://www.notion.so/362f02c407dd8045992bfdccf9364f97?pvs=21),MOTO Portal,請求デフォルト設定を更新する。
MO-SET-010-API-02-Update Contract Default Setting,Update Contract Default Setting,Cập nhật thiết lập mặc định hợp đồng.,/api/v1/moto/settings/contract-default-setting,Company Settings,PATCH,"central_db.r_deal_moto_saki, tenant_db.[TBD: contract / contract_document], tenant_db.[TBD: default_setting]",契約書初期値設定 (https://www.notion.so/362f02c407dd8063ad48dc74955b754d?pvs=21),MOTO Portal,契約デフォルト設定を更新する。
MO-SET-010-API-01-Get Contract Default Setting,Get Contract Default Setting,Lấy thông tin thiết lập mặc định hợp đồng.,/api/v1/moto/settings/contract-default-setting,Company Settings,GET,"central_db.r_deal_moto_saki, tenant_db.[TBD: contract / contract_document], tenant_db.[TBD: default_setting]",契約書初期値設定 (https://www.notion.so/362f02c407dd8063ad48dc74955b754d?pvs=21),MOTO Portal,契約デフォルト設定の情報を取得する。
MO-SET-011-API-02-Get Upload Result,Get Upload Result,Xem kết quả upload/import.,/api/v1/moto/settings/uploads/results,Company Settings,GET,tenant_db.[TBD: file_upload_history / upload_result / validation_error],ファイルレイアウト設定 (https://www.notion.so/362f02c407dd80d7832de0b00abc693a?pvs=21),MOTO Portal,アップロード／取込結果を確認する。
MO-SET-011-API-01-Upload File Layout Setting,Upload File Layout Setting,Tải lên thiết lập layout file import để import/xử lý.,/api/v1/moto/settings/uploads,Company Settings,POST,"tenant_db.[TBD: file_upload_history / upload_result / validation_error], tenant_db.[TBD: download_history / file]",ファイルレイアウト設定 (https://www.notion.so/362f02c407dd80d7832de0b00abc693a?pvs=21),MOTO Portal,取込ファイルレイアウト設定をアップロードして取込／処理する。
MO-SAKI-002-API-01-Get Client Detail,Get Client Detail,Lấy chi tiết khách hàng theo ID.,/api/v1/moto/clients/{id},Client Management,GET,"tenant_db.cfg_moto_client_company, tenant_db.cfg_moto_client_company_user, central_db.r_deal_moto_saki, tenant_db.mst_saki_company",派遣先詳細 (https://www.notion.so/362f02c407dd80b2b27cd27dc9852a22?pvs=21),MOTO Portal,ID指定で取引先詳細を取得する。
MO-SAKI-001-API-01-Export Client List,Export Client List,Xuất danh sách khách hàng ra file.,/api/v1/moto/clients/client-list/export,Client Management,GET,"tenant_db.cfg_moto_client_company, tenant_db.cfg_moto_client_company_user, central_db.r_deal_moto_saki, tenant_db.mst_saki_company",派遣先一覧 (https://www.notion.so/362f02c407dd80dc8eb7c5ad7df00280?pvs=21),MOTO Portal,取引先一覧をファイル出力する。
MO-SAKI-004-API-01-Get Client Request History,Get Client Request History,Lấy lịch sử yêu cầu của khách hàng.,/api/v1/moto/clients/client-request-history,Client Management,GET,"tenant_db.cfg_moto_client_company, tenant_db.cfg_moto_client_company_user, central_db.r_deal_moto_saki, tenant_db.[TBD: staffing_request / estimate_response], tenant_db.[TBD: staff], tenant_db.[TBD: staff_skill / employment_history / account]",派遣照会履歴 (https://www.notion.so/362f02c407dd80738f78fcd232d8c7fb?pvs=21),MOTO Portal,取引先の依頼履歴を取得する。
MO-SAKI-003-API-01-Get Client Contract List,Get Client Contract List,"Lấy danh sách hợp đồng của khách hàng, hỗ trợ tìm kiếm/lọc.",/api/v1/moto/clients/client-contract-list,Client Management,GET,"tenant_db.cfg_moto_client_company, tenant_db.cfg_moto_client_company_user, central_db.r_deal_moto_saki, tenant_db.mst_saki_company, tenant_db.[TBD: contract / contract_document]",派遣先契約一覧 (https://www.notion.so/362f02c407dd8011b69aca82f5ca2474?pvs=21),MOTO Portal,取引先の契約一覧を取得し、検索・絞り込みに利用する。
MO-SAKI-005-API-02-Update Trading Client Setting,Update Trading Client Setting,Cập nhật thiết lập khách hàng giao dịch.,/api/v1/moto/clients/trading-client-setting,Client Management,PATCH,"tenant_db.cfg_moto_client_company, tenant_db.cfg_moto_client_company_user, central_db.r_deal_moto_saki",取引派遣先設定 (https://www.notion.so/362f02c407dd8028be8eda25a1ee5d78?pvs=21),MOTO Portal,取引先設定を更新する。
MO-SAKI-005-API-01-Get Trading Client Setting,Get Trading Client Setting,Lấy thông tin thiết lập khách hàng giao dịch.,/api/v1/moto/clients/trading-client-setting,Client Management,GET,"tenant_db.cfg_moto_client_company, tenant_db.cfg_moto_client_company_user, central_db.r_deal_moto_saki",取引派遣先設定 (https://www.notion.so/362f02c407dd8028be8eda25a1ee5d78?pvs=21),MOTO Portal,取引先設定の情報を取得する。
MO-CON-021-API-01-Upload Contract Extension Upload,Upload Contract Extension Upload,Tải lên file gia hạn hợp đồng để import/xử lý.,/api/v1/moto/contracts/uploads,Contract Management,POST,"central_db.r_deal_moto_saki, tenant_db.[TBD: contract / contract_document], tenant_db.[TBD: file_upload_history / upload_result / validation_error]",アップロードで延長する (https://www.notion.so/362f02c407dd80bfb88ff30b67bb9141?pvs=21),MOTO Portal,契約延長ファイルをアップロードして取込／処理する。
MO-CON-020-API-01-Create Draft Contract Restore,Create Draft Contract Restore,Khôi phục khôi phục hợp đồng nháp.,/api/v1/moto/contracts,Contract Management,POST,"central_db.r_deal_moto_saki, tenant_db.[TBD: contract / contract_document]",一時保存契約から作成 (https://www.notion.so/362f02c407dd8047b439c3678153e6e0?pvs=21),MOTO Portal,下書き契約復元を復旧する。
MO-CON-022-API-01-Upload Contract Revision Upload,Upload Contract Revision Upload,Tải lên file chỉnh sửa hợp đồng để import/xử lý.,/api/v1/moto/contracts/uploads,Contract Management,POST,"central_db.r_deal_moto_saki, tenant_db.[TBD: contract / contract_document], tenant_db.[TBD: file_upload_history / upload_result / validation_error]",アップロードで修正する (https://www.notion.so/362f02c407dd80929c75cd24b88ca621?pvs=21),MOTO Portal,契約修正ファイルをアップロードして取込／処理する。
MO-CON-021-API-02-Get Upload Result,Get Upload Result,Xem kết quả upload/import.,/api/v1/moto/contracts/uploads/results,Contract Management,GET,"central_db.r_deal_moto_saki, tenant_db.[TBD: contract / contract_document], tenant_db.[TBD: file_upload_history / upload_result / validation_error]",アップロードで延長する (https://www.notion.so/362f02c407dd80bfb88ff30b67bb9141?pvs=21),MOTO Portal,アップロード／取込結果を確認する。
MO-CON-023-API-01-Delete/Cancel Sales PIC Delete,Delete/Cancel Sales PIC Delete,Xóa hoặc hủy người phụ trách sales.,/api/v1/moto/contracts/sales-pic-delete/{id},Contract Management,DELETE,"tenant_db.cfg_moto_client_company, tenant_db.cfg_moto_client_company_user, central_db.r_deal_moto_saki, tenant_db.[TBD: contract / contract_document]",営業担当者削除 (https://www.notion.so/362f02c407dd80b4a6c1f186153cefcb?pvs=21),MOTO Portal,営業担当者を削除または取消する。
MO-CON-022-API-02-Get Upload Result,Get Upload Result,Xem kết quả upload/import.,/api/v1/moto/contracts/uploads/results,Contract Management,GET,"central_db.r_deal_moto_saki, tenant_db.[TBD: contract / contract_document], tenant_db.[TBD: file_upload_history / upload_result / validation_error]",アップロードで修正する (https://www.notion.so/362f02c407dd80929c75cd24b88ca621?pvs=21),MOTO Portal,アップロード／取込結果を確認する。
MO-ATT-020-API-01-Get Shift Reference,Get Shift Reference,Lấy thông tin thông tin tham chiếu ca làm việc.,/api/v1/moto/attendance/shift-reference,Attendance Management,GET,"central_db.r_deal_moto_saki, tenant_db.[TBD: contract / contract_document], tenant_db.[TBD: attendance / attendance_approval], tenant_db.[TBD: contract / staff], tenant_db.[TBD: staff], tenant_db.[TBD: staff_skill / employment_history / account]",シフト参照 (https://www.notion.so/362f02c407dd80cbb03cea8a4d6182b8?pvs=21),MOTO Portal,シフト参照情報の情報を取得する。
MO-CON-024-API-01-Submit/Process Unsubmitted Contract List,Submit/Process Unsubmitted Contract List,"Lấy danh sách hợp đồng chưa gửi, hỗ trợ tìm kiếm/lọc.",/api/v1/moto/contracts/unsubmitted-contract-list/submit,Contract Management,POST,"central_db.r_deal_moto_saki, tenant_db.[TBD: contract / contract_document]",未提出契約一覧 (https://www.notion.so/362f02c407dd809bb911c32e4ca22721?pvs=21),MOTO Portal,未提出契約一覧を取得し、検索・絞り込みに利用する。
MO-ATT-022-API-01-Export Daily Attendance Export,Export Daily Attendance Export,Xuất dữ liệu chấm công hằng ngày ra file.,/api/v1/moto/attendance/daily-attendance-export/export,Attendance Management,GET,"tenant_db.[TBD: attendance / attendance_approval], tenant_db.[TBD: contract / staff]",日々勤怠DL (https://www.notion.so/DL-362f02c407dd80bcb87ef66f054d131e?pvs=21),MOTO Portal,日次勤怠データをファイル出力する。
MO-ATT-021-API-01-Get Schedule Reference,Get Schedule Reference,Lấy thông tin thông tin tham chiếu lịch làm việc.,/api/v1/moto/attendance/schedule-reference,Attendance Management,GET,"tenant_db.[TBD: attendance / attendance_approval], tenant_db.[TBD: contract / staff]",,MOTO Portal,スケジュール参照情報の情報を取得する。
MO-ATT-023-API-01-Export Monthly Attendance Summary Export,Export Monthly Attendance Summary Export,Xuất tổng hợp chấm công theo tháng ra file.,/api/v1/moto/attendance/monthly-attendance-summary-export/export,Attendance Management,GET,"tenant_db.[TBD: attendance / attendance_approval], tenant_db.[TBD: contract / staff]",勤怠集計DL (https://www.notion.so/DL-362f02c407dd80319a92fffd36183734?pvs=21),MOTO Portal,月次勤怠サマリをファイル出力する。
MO-ATT-024-API-01-Export Approved Attendance Export,Export Approved Attendance Export,Xuất dữ liệu chấm công đã duyệt ra file.,/api/v1/moto/attendance/approved-attendance-export/export,Attendance Management,GET,"tenant_db.[TBD: attendance / attendance_approval], tenant_db.[TBD: contract / staff]",締め承認済勤怠DL (https://www.notion.so/DL-362f02c407dd8054a1c8e78bb7cee8ae?pvs=21),MOTO Portal,承認済み勤怠データをファイル出力する。
MO-BILL-020-API-01-Submit/Process Invoice Finalize,Submit/Process Invoice Finalize,Gửi hoặc xử lý chốt hóa đơn.,/api/v1/moto/billing/invoice-finalize/submit,Billing Management,POST,"tenant_db.[TBD: invoice / billing], tenant_db.[TBD: attendance]",請求書確定 (https://www.notion.so/362f02c407dd8026a28eccfda9c6933d?pvs=21),MOTO Portal,請求書確定を送信または処理する。
MO-BILL-022-API-01-Get Invoice Attendance Reference,Get Invoice Attendance Reference,Lấy chi tiết dữ liệu chấm công tham chiếu cho hóa đơn theo ID.,/api/v1/moto/billing/{id},Billing Management,GET,"tenant_db.[TBD: attendance / attendance_approval], tenant_db.[TBD: contract / staff], tenant_db.[TBD: invoice / billing], tenant_db.[TBD: attendance]",請求明細勤怠参照 (https://www.notion.so/362f02c407dd80e9b700ee7701133efd?pvs=21),MOTO Portal,ID指定で請求用勤怠参照データの詳細を取得する。
MO-BILL-021-API-01-Submit/Process Invoice Submit,Submit/Process Invoice Submit,Gửi hoặc xử lý gửi hóa đơn.,/api/v1/moto/billing/invoice-submit/submit,Billing Management,POST,"tenant_db.[TBD: invoice / billing], tenant_db.[TBD: attendance]",,MOTO Portal,請求書提出を送信または処理する。
MO-SET-020-API-01-Get Billing Destination Setting,Get Billing Destination Setting,Lấy thông tin thiết lập nơi nhận hóa đơn.,/api/v1/moto/settings/billing-destination-setting,Company Settings,GET,"tenant_db.[TBD: invoice / billing], tenant_db.[TBD: attendance]",請求書送付先設定 (https://www.notion.so/362f02c407dd80cca105de6fd52be7f4?pvs=21),MOTO Portal,請求先設定の情報を取得する。
MO-SET-021-API-01-Get Editable User Field Setting,Get Editable User Field Setting,Lấy thông tin thiết lập trường user được phép sửa.,/api/v1/moto/settings/editable-user-field-setting,Company Settings,GET,"tenant_db.mst_moto_user, tenant_db.mst_moto_company, tenant_db.mst_moto_office, tenant_db.mst_moto_department","ユーザー編集可能項目設定 (https://www.notion.so/362f02c407dd80189d1bea77dbf49a67?pvs=21), 請求書初期設定 (https://www.notion.so/380f02c407dd804d880ceddc181e4ff4?pvs=21)",MOTO Portal,ユーザー編集項目設定の情報を取得する。
MO-SET-020-API-02-Update Billing Destination Setting,Update Billing Destination Setting,Cập nhật thiết lập nơi nhận hóa đơn.,/api/v1/moto/settings/billing-destination-setting,Company Settings,PATCH,"tenant_db.[TBD: invoice / billing], tenant_db.[TBD: attendance]",請求書送付先設定 (https://www.notion.so/362f02c407dd80cca105de6fd52be7f4?pvs=21),MOTO Portal,請求先設定を更新する。
MO-OTH-020-API-01-Get Additional Onboarding Procedure,Get Additional Onboarding Procedure,Lấy thông tin quy trình onboarding bổ sung.,/api/v1/moto/onboarding/additional-onboarding-procedure,Settings,GET,"tenant_db.mst_moto_company, central_db.[TBD: tenant_usage_billing / onboarding]",追加導入手続き (https://www.notion.so/362f02c407dd809a8302f4a94e199f2d?pvs=21),MOTO Portal,追加オンボーディング手順の情報を取得する。
MO-SET-021-API-02-Update Editable User Field Setting,Update Editable User Field Setting,Cập nhật thiết lập trường user được phép sửa.,/api/v1/moto/settings/editable-user-field-setting,Company Settings,PATCH,"tenant_db.mst_moto_user, tenant_db.mst_moto_company, tenant_db.mst_moto_office, tenant_db.mst_moto_department","ユーザー編集可能項目設定 (https://www.notion.so/362f02c407dd80189d1bea77dbf49a67?pvs=21), 請求書初期設定 (https://www.notion.so/380f02c407dd804d880ceddc181e4ff4?pvs=21)",MOTO Portal,ユーザー編集項目設定を更新する。
MO-OTH-022-API-01-Get Usage Billing List,Get Usage Billing List,"Lấy danh sách tính phí sử dụng, hỗ trợ tìm kiếm/lọc.",/api/v1/moto/onboarding/usage-billing-list,SaaS usage billing,GET,"tenant_db.[TBD: invoice / billing], tenant_db.[TBD: attendance], tenant_db.mst_moto_company, central_db.[TBD: tenant_usage_billing / onboarding]",利用料金一覧 (https://www.notion.so/362f02c407dd8086bbf4ec1f8d0d5403?pvs=21),MOTO Portal,利用料金一覧を取得し、検索・絞り込みに利用する。
MO-OTH-021-API-01-Get Onboarding Preparation Status,Get Onboarding Preparation Status,Lấy trạng thái chuẩn bị onboarding.,/api/v1/moto/onboarding/onboarding-preparation-status,Settings,GET,"tenant_db.mst_moto_company, central_db.[TBD: tenant_usage_billing / onboarding]",導入準備状況 (https://www.notion.so/362f02c407dd80e0a518dc4959994874?pvs=21),MOTO Portal,オンボーディング準備状況を取得する。
MO-BAT-002-API-01-Upload File Import Result,Upload File Import Result,Xem kết quả upload/import.,/api/v1/moto/batch/uploads,Batch Processing,POST,"tenant_db.[TBD: file_upload_history / upload_result / validation_error], tenant_db.[TBD: batch_execution_history / async_job]",ファイル取込結果 (https://www.notion.so/362f02c407dd8030b34bd149e905e65e?pvs=21),MOTO Portal,アップロード／取込結果を確認する。
MO-BAT-001-API-01-Get Batch Execution History,Get Batch Execution History,Lấy lịch sử chạy batch.,/api/v1/moto/batch/batch-execution-history,Batch Processing,GET,tenant_db.[TBD: batch_execution_history / async_job],バッチ実行履歴 (https://www.notion.so/362f02c407dd8089bdc4d3b61a57c1d0?pvs=21),MOTO Portal,バッチ実行履歴を取得する。
MO-BAT-003-API-01-Upload Validation Error List,Upload Validation Error List,Tải lên danh sách lỗi validation để import/xử lý.,/api/v1/moto/batch/uploads,Batch Processing,POST,"tenant_db.[TBD: file_upload_history / upload_result / validation_error], tenant_db.[TBD: batch_execution_history / async_job]",検証エラー一覧 (https://www.notion.so/362f02c407dd80fb93f6cf3a90204f5f?pvs=21),MOTO Portal,バリデーションエラー一覧をアップロードして取込／処理する。
MO-BAT-002-API-02-Get Upload Result,Get Upload Result,Xem kết quả upload/import.,/api/v1/moto/batch/uploads/results,Batch Processing,GET,"tenant_db.[TBD: file_upload_history / upload_result / validation_error], tenant_db.[TBD: batch_execution_history / async_job]",ファイル取込結果 (https://www.notion.so/362f02c407dd8030b34bd149e905e65e?pvs=21),MOTO Portal,アップロード／取込結果を確認する。
MO-BAT-004-API-01-Get Async Job Status,Get Async Job Status,Lấy trạng thái job xử lý nền.,/api/v1/moto/batch/async-job-status,Batch Processing,GET,tenant_db.[TBD: batch_execution_history / async_job],非同期処理状況 (https://www.notion.so/362f02c407dd80368402d3e62beb313a?pvs=21),MOTO Portal,非同期ジョブ状態を取得する。
MO-BAT-003-API-02-Get Upload Result,Get Upload Result,Xem kết quả upload/import.,/api/v1/moto/batch/uploads/results,Batch Processing,GET,"tenant_db.[TBD: file_upload_history / upload_result / validation_error], tenant_db.[TBD: batch_execution_history / async_job]",検証エラー一覧 (https://www.notion.so/362f02c407dd80fb93f6cf3a90204f5f?pvs=21),MOTO Portal,アップロード／取込結果を確認する。
MO-BAT-005-API-01-Export CSV Error Download,Export CSV Error Download,Tải xuống file lỗi CSV.,/api/v1/moto/batch/csv-error-download/export,Batch Processing,GET,"tenant_db.[TBD: batch_execution_history / async_job], tenant_db.[TBD: download_history / file]",エラーCSV DL (https://www.notion.so/CSV-DL-362f02c407dd80bea65afd2a0f7d31c2?pvs=21),MOTO Portal,CSVエラーファイルをダウンロードする。
MO-COM-000-API-02-Update Tenant Init Setup,Update Tenant Init Setup,Cập nhật thiết lập khởi tạo tenant.,/api/v1/moto/common/tenant-init-setup,Common,PATCH,tenant_db.mst_moto_company,派遣元テナント初期設定 (https://www.notion.so/362f02c407dd806b8549cb1a5afafd46?pvs=21),MOTO Portal,テナント初期設定を更新する。
MO-COM-000-API-01-Get Tenant Init Setup,Get Tenant Init Setup,Lấy thông tin thiết lập khởi tạo tenant.,/api/v1/moto/common/tenant-init-setup,Common,GET,tenant_db.mst_moto_company,派遣元テナント初期設定 (https://www.notion.so/362f02c407dd806b8549cb1a5afafd46?pvs=21),MOTO Portal,テナント初期設定の情報を取得する。
MO-STF-004-API-01-Get Staff Account Managerment,Get Staff Account Managerment,Lấy thông tin nhân viên.,/api/v1/moto/staff/staff-account-managerment,Staff Management,GET,"tenant_db.[TBD: staff], tenant_db.[TBD: staff_skill / employment_history / account]","スタッフアカウント管理 (https://www.notion.so/362f02c407dd80628708c712017266ce?pvs=21), アカウント発行 (https://www.notion.so/37cf02c407dd805994d6c8148fd6162a?pvs=21)",MOTO Portal,スタッフの情報を取得する。
MO-STF-005-API-01-Get Staff Attendance Status,Get Staff Attendance Status,Lấy trạng thái chấm công của nhân viên.,/api/v1/moto/staff/staff-attendance-status,Staff Management,GET,"tenant_db.[TBD: attendance / attendance_approval], tenant_db.[TBD: contract / staff], tenant_db.[TBD: staff], tenant_db.[TBD: staff_skill / employment_history / account]","スタッフ勤怠状況 (https://www.notion.so/362f02c407dd80839921f6ea63ec5659?pvs=21), スタッフアカウント管理 (https://www.notion.so/362f02c407dd80628708c712017266ce?pvs=21)",MOTO Portal,スタッフ勤怠状況を取得する。
MO-STF-006-API-01-Get Staff Employment History,Get Staff Employment History,Lấy lịch sử làm việc của nhân viên.,/api/v1/moto/staff/staff-employment-history,Staff Management,GET,"tenant_db.[TBD: staff], tenant_db.[TBD: staff_skill / employment_history / account]","スタッフ契約履歴 (https://www.notion.so/362f02c407dd8076bb42c822a54e2ce9?pvs=21), スタッフアカウント管理 (https://www.notion.so/362f02c407dd80628708c712017266ce?pvs=21)",MOTO Portal,スタッフ就業履歴を取得する。
SA-AUTH-001-API-01-Login,Login,"Đăng nhập, xác thực tài khoản và cấp token truy cập.",/api/v1/saki/login,Common,POST,"central_db.mst_tenant, tenant_db.mst_saki_user, tenant_db.[TBD: login_history / access_token]","ログイン
 (https://www.notion.so/362f02c407dd8002a729d21018e5b09b?pvs=21)",SAKI Portal,ログイン認証を行い、アクセストークンを発行する。
SA-AUTH-002-API-01-Logout,Logout,Đăng xuất và vô hiệu hóa phiên/token hiện tại.,/api/v1/saki/logout,Common,POST,"central_db.mst_tenant, tenant_db.mst_saki_user, tenant_db.[TBD: login_history / access_token]",勤怠一覧 (https://www.notion.so/362f02c407dd8029a7c4f3bab4d2fe7f?pvs=21),SAKI Portal,ログアウトし、現在のセッション／トークンを無効化する。
SA-COM-007-API-01-Download History,Download History,Lấy lịch sử tải xuống.,/api/v1/saki/download-history,Common,GET,"tenant_db.mst_saki_user, tenant_db.mst_saki_department, tenant_db.mst_saki_office, tenant_db.[TBD: download_history / file]",ダウンロード履歴 (https://www.notion.so/362f02c407dd80eab5fce515bca99bfb?pvs=21),SAKI Portal,ダウンロード履歴を取得する。
SA-COM-005-API-01-Notification Center,Notification Center,Lấy thông tin trung tâm thông báo.,/api/v1/saki/notifications,Common,GET,"central_db.notification_history, tenant_db.[TBD: notification_read]",通知一覧 (https://www.notion.so/362f02c407dd807d9cc3c641447d686f?pvs=21),SAKI Portal,通知センターの情報を取得する。
SA-AUTH-006-API-01-Login History,Login History,Lấy lịch sử đăng nhập.,/api/v1/saki/login-history,Common,GET,"central_db.mst_tenant, tenant_db.mst_saki_user, tenant_db.[TBD: login_history / access_token], tenant_db.mst_saki_department, tenant_db.mst_saki_office",ログイン履歴 (https://www.notion.so/362f02c407dd80e09ba2ca46805ff870?pvs=21),SAKI Portal,ログイン履歴を取得する。
SA-AUTH-004-API-01-Password Reset,Password Reset,Thực hiện quy trình đặt lại mật khẩu.,/api/v1/saki/password-reset,Common,POST,"central_db.mst_tenant, tenant_db.mst_saki_user, tenant_db.[TBD: login_history / access_token], tenant_db.mst_saki_department, tenant_db.mst_saki_office",パスワード初期化 (https://www.notion.so/362f02c407dd80b8adf9ea946db7f169?pvs=21),SAKI Portal,パスワードリセット処理を行う。
SA-AUTH-003-API-01-Change Password,Change Password,Đổi mật khẩu cho tài khoản đang đăng nhập.,/api/v1/saki/change-password,Common,POST,"central_db.mst_tenant, tenant_db.mst_saki_user, tenant_db.[TBD: login_history / access_token], tenant_db.mst_saki_department, tenant_db.mst_saki_office",パスワード変更 (https://www.notion.so/362f02c407dd8048b80bf0c0ddee17d9?pvs=21),SAKI Portal,ログイン中ユーザーのパスワードを変更する。
SA-COM-008-API-01-Upload History,Upload History,Lấy lịch sử upload.,/api/v1/saki/upload-history,Common,GET,tenant_db.[TBD: file_upload_history / upload_result / validation_error],アップロード履歴 (https://www.notion.so/362f02c407dd8056a48fe6021c8a4dc3?pvs=21),SAKI Portal,アップロード履歴を取得する。
SA-COM-009-API-01-Upload Result,Upload Result,Xem kết quả upload/import.,/api/v1/saki/upload-results,Common,GET,tenant_db.[TBD: file_upload_history / upload_result / validation_error],アップロード結果 (https://www.notion.so/362f02c407dd80baae99de45dc2ab6b2?pvs=21),SAKI Portal,アップロード／取込結果を確認する。
SA-COM-010-API-01-Validation Error List,Validation Error List,"Lấy danh sách lỗi validation, hỗ trợ tìm kiếm/lọc.",/api/v1/saki/validation-errors,Common,GET,tenant_db.[TBD: file_upload_history / upload_result / validation_error],検証エラー一覧 (https://www.notion.so/362f02c407dd8024b3cff263d78ce4a6?pvs=21),SAKI Portal,バリデーションエラー一覧を取得し、検索・絞り込みに利用する。
SA-COM-011-API-01-Audit Log,Audit Log,Lấy nhật ký audit.,/api/v1/saki/audit-log,Common,GET,"tenant_db.mst_saki_user, tenant_db.mst_saki_department, tenant_db.mst_saki_office, tenant_db.[TBD: audit_log]",操作履歴 (https://www.notion.so/362f02c407dd803fb30cf10a70ec47c7?pvs=21),SAKI Portal,監査ログを取得する。
SA-REQ-001-API-01-Staffing Request List,Staffing Request List,"Lấy danh sách yêu cầu nhân sự, hỗ trợ tìm kiếm/lọc.",/api/v1/saki/requests,Request Management,GET,"central_db.r_deal_moto_saki, tenant_db.[TBD: staffing_request / estimate / response]",派遣照会一覧 (https://www.notion.so/362f02c407dd80508996f44f91ee8026?pvs=21),SAKI Portal,人材依頼一覧を取得し、検索・絞り込みに利用する。
SA-REQ-002-API-01-Staffing Request Detail,Staffing Request Detail,Lấy chi tiết yêu cầu nhân sự theo ID.,/api/v1/saki/requests/{id},Request Management,GET,"central_db.r_deal_moto_saki, tenant_db.[TBD: staffing_request / estimate / response]",派遣照会詳細 (https://www.notion.so/362f02c407dd80efa751c94cf3b472e4?pvs=21),SAKI Portal,ID指定で人材依頼詳細を取得する。
SA-REQ-003-API-01-Staffing Create Request,Staffing Create Request,Tạo mới yêu cầu nhân sự mới.,/api/v1/saki/requests/create,Request Management,POST,"central_db.r_deal_moto_saki, tenant_db.[TBD: staffing_request / estimate / response]",派遣照会作成 (https://www.notion.so/362f02c407dd80e48f8be560a107f261?pvs=21),SAKI Portal,人材依頼作成を新規作成する。
SA-REQ-004-API-01-Staffing Edit Request,Staffing Edit Request,Cập nhật yêu cầu chỉnh sửa nhân sự.,/api/v1/saki/requests/{id}/edit,Request Management,PUT,"central_db.r_deal_moto_saki, tenant_db.[TBD: staffing_request / estimate / response]",派遣照会修正 (https://www.notion.so/362f02c407dd804dae88f0ad3bf335d2?pvs=21),SAKI Portal,人材依頼修正を更新する。
SA-REQ-005-API-01-Staffing Cancel Request,Staffing Cancel Request,Hủy yêu cầu hủy nhân sự.,/api/v1/saki/requests/{id}/cancel,Request Management,POST,"central_db.r_deal_moto_saki, tenant_db.[TBD: staffing_request / estimate / response]","派遣照会取消 (https://www.notion.so/362f02c407dd80258923c2b516b38511?pvs=21), 派遣照会詳細 (https://www.notion.so/362f02c407dd80efa751c94cf3b472e4?pvs=21)",SAKI Portal,人材依頼キャンセルをキャンセルする。
SA-REQ-006-API-01-Estimate List,Estimate List,"Lấy danh sách báo giá, hỗ trợ tìm kiếm/lọc.",/api/v1/saki/estimates,Request Management,GET,"central_db.r_deal_moto_saki, tenant_db.[TBD: staffing_request / estimate / response]","見積一覧 (https://www.notion.so/362f02c407dd80b7bd54f171d6a15f3b?pvs=21), 派遣照会詳細 (https://www.notion.so/362f02c407dd80efa751c94cf3b472e4?pvs=21)",SAKI Portal,見積一覧を取得し、検索・絞り込みに利用する。
SA-REQ-007-API-01-Estimate Detail,Estimate Detail,Lấy chi tiết báo giá theo ID.,/api/v1/saki/estimates/{id},Request Management,GET,"central_db.r_deal_moto_saki, tenant_db.[TBD: staffing_request / estimate / response]","見積詳細 (https://www.notion.so/362f02c407dd80b9a850ddfd2f5aaa3d?pvs=21), 派遣照会詳細 (https://www.notion.so/362f02c407dd80efa751c94cf3b472e4?pvs=21)",SAKI Portal,ID指定で見積詳細を取得する。
SA-REQ-008-API-01-Estimate Compare,Estimate Compare,Lấy thông tin so sánh báo giá.,/api/v1/saki/estimates/compare,Request Management,GET,"central_db.r_deal_moto_saki, tenant_db.[TBD: staffing_request / estimate / response]","見積比較 (https://www.notion.so/362f02c407dd808da06ec3a9e82b8433?pvs=21), 派遣照会詳細 (https://www.notion.so/362f02c407dd80efa751c94cf3b472e4?pvs=21)",SAKI Portal,見積比較の情報を取得する。
SA-REQ-009-API-01-Estimate Export,Estimate Export,Xuất dữ liệu báo giá ra file.,/api/v1/saki/estimates/export,Request Management,GET,"central_db.r_deal_moto_saki, tenant_db.[TBD: staffing_request / estimate / response]","見積DL (https://www.notion.so/DL-362f02c407dd80a2a9edc4323c6a1f20?pvs=21), 派遣照会詳細 (https://www.notion.so/362f02c407dd80efa751c94cf3b472e4?pvs=21)",SAKI Portal,見積データをファイル出力する。
SA-REQ-010-API-01-Staffing Response List,Staffing Response List,"Lấy danh sách phản hồi yêu cầu nhân sự, hỗ trợ tìm kiếm/lọc.",/api/v1/saki/responses,Request Management,GET,"central_db.r_deal_moto_saki, tenant_db.[TBD: staffing_request / estimate / response]","派遣照会回答一覧 (https://www.notion.so/362f02c407dd8085a0f0f72a7ef40ab3?pvs=21), 派遣照会詳細 (https://www.notion.so/362f02c407dd80efa751c94cf3b472e4?pvs=21)",SAKI Portal,人材依頼回答一覧を取得し、検索・絞り込みに利用する。
SA-REQ-011-API-01-Response Detail,Response Detail,Lấy chi tiết phản hồi theo ID.,/api/v1/saki/responses/{id},Request Management,GET,"central_db.r_deal_moto_saki, tenant_db.[TBD: staffing_request / estimate / response]","派遣照会回答詳細 (https://www.notion.so/362f02c407dd803997bff61d7878f68b?pvs=21), 派遣照会詳細 (https://www.notion.so/362f02c407dd80efa751c94cf3b472e4?pvs=21)",SAKI Portal,ID指定で回答詳細を取得する。
SA-REQ-012-API-01-Request Status Dashboard,Request Status Dashboard,Lấy tổng quan trạng thái yêu cầu.,/api/v1/saki/request-status,Request Management,GET,"central_db.r_deal_moto_saki, tenant_db.[TBD: staffing_request / estimate / response]",,SAKI Portal,依頼ステータス概要を取得する。
SA-REQ-013-API-01-Pending Response List,Pending Response List,"Lấy danh sách phản hồi chờ xử lý, hỗ trợ tìm kiếm/lọc.",/api/v1/saki/pending-responses,Request Management,GET,"central_db.r_deal_moto_saki, tenant_db.[TBD: staffing_request / estimate / response]",未回答一覧 (https://www.notion.so/362f02c407dd80949412e7479c9cac32?pvs=21),SAKI Portal,未回答一覧を取得し、検索・絞り込みに利用する。
SA-CON-001-API-01-Contract List,Contract List,"Lấy danh sách hợp đồng, hỗ trợ tìm kiếm/lọc.",/api/v1/saki/contracts,Contract Management,GET,"central_db.r_deal_moto_saki, tenant_db.[TBD: contract / contract_history / contract_document]",契約一覧 (https://www.notion.so/362f02c407dd80c29c61dbab877ceb34?pvs=21),SAKI Portal,契約一覧を取得し、検索・絞り込みに利用する。
SA-CON-002-API-01-Contract Detail,Contract Detail,Lấy chi tiết hợp đồng theo ID.,/api/v1/saki/contracts/{id},Contract Management,GET,"t_contract, t_contract_saki_detail",契約詳細 (https://www.notion.so/362f02c407dd8010bdd0ed9edd0d407f?pvs=21),SAKI Portal,ID指定で契約詳細を取得する。
SA-CON-003-API-01-Contract Approval,Contract Approval,Phê duyệt phê duyệt hợp đồng.,/api/v1/saki/contracts/{id}/approve,Contract Management,POST,"central_db.r_deal_moto_saki, tenant_db.[TBD: contract / contract_history / contract_document]",契約承認 (https://www.notion.so/362f02c407dd80c3aa8fc2740bf580f3?pvs=21),SAKI Portal,契約承認を承認する。
SA-CON-004-API-01-Pending Contract Approval,Pending Contract Approval,"Lấy danh sách hợp đồng chờ duyệt, hỗ trợ tìm kiếm/lọc.",/api/v1/saki/contracts/pending,Contract Management,GET,"central_db.r_deal_moto_saki, tenant_db.[TBD: contract / contract_history / contract_document]",未承認契約一覧 (https://www.notion.so/362f02c407dd80e8af15c8e63134e427?pvs=21),SAKI Portal,承認待ち契約一覧を取得し、検索・絞り込みに利用する。
SA-CON-005-API-01-Contract Revision History,Contract Revision History,Lấy lịch sử chỉnh sửa hợp đồng.,/api/v1/saki/contracts/history,Contract Management,GET,"central_db.r_deal_moto_saki, tenant_db.[TBD: contract / contract_history / contract_document]",契約変更履歴 (https://www.notion.so/362f02c407dd8081871fca687e46b378?pvs=21),SAKI Portal,契約修正履歴を取得する。
SA-CON-006-API-01-Contract PDF Download,Contract PDF Download,Tải xuống file PDF hợp đồng.,/api/v1/saki/contracts/{id}/pdf,Contract Management,GET,"central_db.r_deal_moto_saki, tenant_db.[TBD: contract / contract_history / contract_document], tenant_db.[TBD: download_history / file]",契約書DL (https://www.notion.so/DL-362f02c407dd80cb8b58d016cccfadad?pvs=21),SAKI Portal,契約PDFをダウンロードする。
SA-CON-007-API-01-Contract Download History,Contract Download History,Lấy lịch sử tải hợp đồng.,/api/v1/saki/contracts/download-history,Contract Management,GET,"central_db.r_deal_moto_saki, tenant_db.[TBD: contract / contract_history / contract_document], tenant_db.[TBD: download_history / file]",契約DL履歴 (https://www.notion.so/DL-362f02c407dd80449987fe15e7874ef9?pvs=21),SAKI Portal,契約ダウンロード履歴を取得する。
SA-CON-008-API-01-Contract Extension Approval,Contract Extension Approval,Phê duyệt phê duyệt gia hạn hợp đồng.,/api/v1/saki/contracts/{id}/extension,Contract Management,POST,"central_db.r_deal_moto_saki, tenant_db.[TBD: contract / contract_history / contract_document], tenant_db.[TBD: staffing_request / estimate / response]",契約延長承認 (https://www.notion.so/362f02c407dd80b4911bf44762c1f44a?pvs=21),SAKI Portal,契約延長承認を承認する。
SA-CON-009-API-01-Contract End Confirmation,Contract End Confirmation,Tạo mới xác nhận kết thúc hợp đồng.,/api/v1/saki/contracts/{id}/end,Contract Management,POST,"central_db.r_deal_moto_saki, tenant_db.[TBD: contract / contract_history / contract_document]",契約終了確認 (https://www.notion.so/362f02c407dd805b8246f47254641d30?pvs=21),SAKI Portal,契約終了確認を新規作成する。
SA-ATT-001-API-01-Attendance Dashboard,Attendance Dashboard,Lấy tổng quan chấm công.,/api/v1/saki/attendance,Attendance Management,GET,"tenant_db.[TBD: attendance / attendance_approval], tenant_db.mst_saki_user, tenant_db.mst_saki_approval_group",勤怠TOP (https://www.notion.so/TOP-362f02c407dd80b6bfcfcd23f4a2634c?pvs=21),SAKI Portal,勤怠概要を取得する。
SA-ATT-002-API-01-Attendance List,Attendance List,"Lấy danh sách chấm công, hỗ trợ tìm kiếm/lọc.",/api/v1/saki/attendance/list,Attendance Management,GET,"tenant_db.[TBD: attendance / attendance_approval], tenant_db.mst_saki_user, tenant_db.mst_saki_approval_group",勤怠一覧 (https://www.notion.so/362f02c407dd8029a7c4f3bab4d2fe7f?pvs=21),SAKI Portal,勤怠一覧を取得し、検索・絞り込みに利用する。
SA-ATT-003-API-01-Attendance Detail,Attendance Detail,Lấy chi tiết chấm công theo ID.,/api/v1/saki/attendance/{id},Attendance Management,GET,"tenant_db.[TBD: attendance / attendance_approval], tenant_db.mst_saki_user, tenant_db.mst_saki_approval_group",勤怠詳細 (https://www.notion.so/362f02c407dd8065a12bd24a36ffa6f2?pvs=21),SAKI Portal,ID指定で勤怠詳細を取得する。
SA-ATT-004-API-01-Attendance Approval,Attendance Approval,Phê duyệt phê duyệt chấm công.,/api/v1/saki/attendance/{id}/approve,Attendance Management,POST,"tenant_db.[TBD: attendance / attendance_approval], tenant_db.mst_saki_user, tenant_db.mst_saki_approval_group",勤怠承認 (https://www.notion.so/362f02c407dd80a0a1defb28104ec17b?pvs=21),SAKI Portal,勤怠承認を承認する。
SA-ATT-005-API-01-Unsubmitted Attendance List,Unsubmitted Attendance List,"Lấy danh sách chấm công chưa gửi, hỗ trợ tìm kiếm/lọc.",/api/v1/saki/attendance/unsubmitted,Attendance Management,GET,"tenant_db.[TBD: attendance / attendance_approval], tenant_db.mst_saki_user, tenant_db.mst_saki_approval_group",未申請勤怠一覧 (https://www.notion.so/362f02c407dd8039a375cd5c831ee884?pvs=21),SAKI Portal,未提出勤怠一覧を取得し、検索・絞り込みに利用する。
SA-ATT-006-API-01-Unapproved Attendance List,Unapproved Attendance List,"Lấy danh sách chấm công chưa duyệt, hỗ trợ tìm kiếm/lọc.",/api/v1/saki/attendance/unapproved,Attendance Management,GET,"tenant_db.[TBD: attendance / attendance_approval], tenant_db.mst_saki_user, tenant_db.mst_saki_approval_group",未承認勤怠一覧 (https://www.notion.so/362f02c407dd80e5bbe2edb39f49742e?pvs=21),SAKI Portal,未承認勤怠一覧を取得し、検索・絞り込みに利用する。
SA-ATT-007-API-01-Attendance Reminder History,Attendance Reminder History,Lấy lịch sử nhắc chấm công.,/api/v1/saki/attendance/reminders,Attendance Management,GET,"tenant_db.[TBD: attendance / attendance_approval], tenant_db.mst_saki_user, tenant_db.mst_saki_approval_group",勤怠通知履歴 (https://www.notion.so/362f02c407dd808ea12ff4a39a85cbcc?pvs=21),SAKI Portal,勤怠リマインド履歴を取得する。
SA-ATT-008-API-01-Attendance Approval History,Attendance Approval History,Lấy lịch sử phê duyệt chấm công.,/api/v1/saki/attendance/approval-history,Attendance Management,GET,"tenant_db.[TBD: attendance / attendance_approval], tenant_db.mst_saki_user, tenant_db.mst_saki_approval_group",勤怠承認履歴 (https://www.notion.so/362f02c407dd804897abfb75ad78f385?pvs=21),SAKI Portal,勤怠承認履歴を取得する。
SA-ATT-009-API-01-Attendance Export,Attendance Export,Xuất dữ liệu chấm công ra file.,/api/v1/saki/attendance/export,Attendance Management,GET,"tenant_db.[TBD: attendance / attendance_approval], tenant_db.mst_saki_user, tenant_db.mst_saki_approval_group",勤怠DL (https://www.notion.so/DL-362f02c407dd8045ad15c0e4da73b1eb?pvs=21),SAKI Portal,勤怠データをファイル出力する。
MO-REQ-001-API-01-Get Request List,Get Request List,Lấy list request,/api/v1/moto/requests,Request Management,GET,"central_db.r_deal_moto_saki, tenant_db.[TBD: staffing_request / estimate_response], tenant_db.[TBD: staff], tenant_db.[TBD: staff_skill / employment_history / account]",派遣照会一覧 (https://www.notion.so/362f02c407dd803cbce3df75f1066096?pvs=21),MOTO Portal,
SA-SET-001-API-01,Saki User List," Lấy danh sách người dùng SAKI, hỗ trợ tìm kiếm/lọc.",/api/v1/saki/settings/users,Settings,GET,"tenant_db.mst_saki_user, tenant_db.mst_saki_department",企業マスタ (https://www.notion.so/362f02c407dd80e8a2becf8754188587?pvs=21),SAKI Portal,
SA-SET-001-API-02,Create Saki User,Tạo mới tài khoản người dùng SAKI,/api/v1/saki/settings/users,Settings,POST,"tenant_db.mst_saki_user
",企業マスタ (https://www.notion.so/362f02c407dd80e8a2becf8754188587?pvs=21),SAKI Portal,
SA-SET-001-API-03,Update Saki User,Cập nhật thông tin tài khoản người dùng SAKI theo ID.,/api/v1/saki/settings/users/{id},Settings,PUT,tenant_db.mst_saki_user,企業マスタ (https://www.notion.so/362f02c407dd80e8a2becf8754188587?pvs=21),SAKI Portal,
SA-SET-002-API-01,Get Saki Department,"Lấy danh sách phòng ban của SAKI.
",/api/v1/saki/settings/departments,Settings,GET,tenant_db.mst_saki_department,部署マスタ (https://www.notion.so/362f02c407dd808284f4e01fb4ace2f8?pvs=21),SAKI Portal,
SA-SET-003-API-01,Get Approval Group Master,Lấy danh sách nhóm phê duyệt của SAKI.,/api/v1/saki/settings/approval-groups,Settings,GET,"tenant_db.mst_saki_approval_group, tenant_db.mst_saki_user",就業場所一覧 (https://www.notion.so/362f02c407dd807b9a99ea1d082e5b83?pvs=21),SAKI Portal,
SA-SET-003-API-02,Create Approval Group,Tạo mới nhóm phê duyệt.,/api/v1/saki/settings/approval-groups,Settings,POST,tenant_db.mst_saki_approval_group,就業場所一覧 (https://www.notion.so/362f02c407dd807b9a99ea1d082e5b83?pvs=21),SAKI Portal,
SA-SET-003-API-03,Update Approval Group,Cập nhật thông tin nhóm phê duyệt theo ID.,/api/v1/saki/settings/approval-groups/{id},Settings,PUT,tenant_db.mst_saki_approval_group,就業場所一覧 (https://www.notion.so/362f02c407dd807b9a99ea1d082e5b83?pvs=21),SAKI Portal,
PA-GM-107-API-01-Get 36 Agreement Setting,Get 36 Agreement Setting,Platform Admin lấy thông tin thiết lập giới hạn giờ làm thêm theo Hiệp định 36 làm luật chung cho toàn bộ hệ thống.,/api/v1/admin/system/36-agreement,Common,GET,"central_db.mst_36_agreement_yearly, central_db.mst_36_agreement_monthly",36協定マスタ (https://www.notion.so/36-364f02c407dd8029a867ec9517cc33fe?pvs=21),Platform SaaS Admin,
PA-GM-107-API-02-Update Global 36 Agreement Setting,Update Global 36 Agreement Setting,Platform Admin cập nhật thông tin thiết lập giới hạn giờ làm thêm theo Hiệp định 36 (áp dụng mốc này cho mọi Tenant).,/api/v1/admin/system/36-agreement,Common,PUT,"central_db.mst_36_agreement_yearly, central_db.mst_36_agreement_monthly",36協定マスタ (https://www.notion.so/36-364f02c407dd8029a867ec9517cc33fe?pvs=21),Platform SaaS Admin,
PA-GM-107-API-03-Get Global 36 Agreement Overtime Alerts,Get Global 36 Agreement Overtime Alerts,Platform Admin lấy danh sách cảnh báo những nhân viên vi phạm giới hạn giờ làm (quét dữ liệu chấm công từ tất cả các Tenant đối chiếu với luật chung).,/api/v1/admin/system/36-agreement-alerts,Common,GET,"central_db.mst_36_agreement_yearly, central_db.mst_36_agreement_monthly, tenant_db.t_attendance_daily",36協定マスタ (https://www.notion.so/36-364f02c407dd8029a867ec9517cc33fe?pvs=21),Platform SaaS Admin,
"MO-REQ-001-API-03-Get Request Summary ","Get Request Summary ",,/api/v1/moto/requestst/summary,Request Management,GET,,派遣照会一覧 (https://www.notion.so/362f02c407dd803cbce3df75f1066096?pvs=21),MOTO Portal,
MO-REQ-001-API-04-Get Request Monitor Summary,Get Request Monitor Summary,,/api/v1/moto/requestst/monitor-summary,Request Management,GET,,派遣照会一覧 (https://www.notion.so/362f02c407dd803cbce3df75f1066096?pvs=21),MOTO Portal,
MO-REQ-001-API-05-Decline Request,Decline Request,,/api/v1/moto/requestst/decline,Request Management,POST,,派遣照会一覧 (https://www.notion.so/362f02c407dd803cbce3df75f1066096?pvs=21),MOTO Portal,
SA-REQ-001-API-02-Get Request List Summary,Get Request Summary,,/api/v1/saki/requests/summary,Request Management,GET,,派遣照会一覧 (https://www.notion.so/362f02c407dd80508996f44f91ee8026?pvs=21),SAKI Portal,
SA-REQ-001-API-04-Cancel Dispatch Company Send,Cancel Dispatch Company Send,,/api/v1/saki/requests/{id}/dispatch-company-send/cancel,Request Management,PATCH,,派遣照会一覧 (https://www.notion.so/362f02c407dd80508996f44f91ee8026?pvs=21),SAKI Portal,
SA-REQ-001-API-03-Update Status Request,Update Status Request,,/api/v1/saki/requests/{id}/status,Request Management,PATCH,,派遣照会一覧 (https://www.notion.so/362f02c407dd80508996f44f91ee8026?pvs=21),SAKI Portal,
SA-REQ-001-API-05-Download Request,Download Request,,/api/v1/saki/requests/{id}/export,Request Management,POST,,派遣照会一覧 (https://www.notion.so/362f02c407dd80508996f44f91ee8026?pvs=21),SAKI Portal,
SA-REQ-001-API-06-Delete Request,Delete Request,,/api/v1/saki/requests/{id},Request Management,DELETE,,派遣照会一覧 (https://www.notion.so/362f02c407dd80508996f44f91ee8026?pvs=21),SAKI Portal,
Sample API Design,,,,,,,派遣照会一覧 (https://www.notion.so/362f02c407dd803cbce3df75f1066096?pvs=21),MOTO Portal,
SA-CON-001-API-002-Get Contract Summary,Contract Summary,Lấy summary của hợp đồng,/api/v1/saki/contracts/summary,Contract Management,GET,,,SAKI Portal,
SA-CON-001-API-03-Export Contract List,Export Contract List,Xuất file danh sách hợp đồng,/api/v1/saki/contracts/export,Contract Management,GET,,,SAKI Portal,
ST-HOME-002-API-03-Mark All Notification Read,Mark All Notification Read,Đánh dấu tất cả thông báo đã đọc.,/api/v1/staff/notifications/read-all,Home,PATCH,"central_db.notification_history, tenant_db.[TBD: notification_read]",お知らせ一覧 (https://www.notion.so/362f02c407dd8019a22af8fd2f80af09?pvs=21),Staff Mobile APP,通知を既読に更新する。
MO-REQ-,,,,,,,,SAKI Portal,
SA-REQ-002-API-02-Submit Request,Submit Request,Submit yêu cầu phái cử đang ở trạng thái nháp.,/api/v1/saki/requests/{id}/submit,Request Management,POST,,派遣照会詳細 (https://www.notion.so/362f02c407dd80efa751c94cf3b472e4?pvs=21),SAKI Portal,下書き状態の派遣照会を提出する。
SA-REQ-002-API-03-Withdraw Request / Cancel Application,Withdraw Request / Cancel Application,Rút lại yêu cầu đã submit hoặc đang trong quá trình phê duyệt.,/api/v1/saki/requests/{id}/withdraw,Request Management,POST,,派遣照会詳細 (https://www.notion.so/362f02c407dd80efa751c94cf3b472e4?pvs=21),SAKI Portal,提出済み、または承認中の派遣照会申請を撤回する。
SA-REQ-002-API-04-Extend Deadline,Extend Deadline,Gia hạn thời hạn trả lời của yêu cầu phái cử.,/api/v1/saki/requests/{id}/extend-deadline,Request Management,POST,,派遣照会詳細 (https://www.notion.so/362f02c407dd80efa751c94cf3b472e4?pvs=21),SAKI Portal,派遣会社の回答期限を延長する。
SA-REQ-002-API-05-Add Target Staffing Company,Add Target Staffing Company,Thêm công ty phái cử vào danh sách gửi yêu cầu.,/api/v1/saki/requests/{id}/target-companies,Request Management,POST,,派遣照会詳細 (https://www.notion.so/362f02c407dd80efa751c94cf3b472e4?pvs=21),SAKI Portal,派遣照会の送信先となる派遣元会社を追加する。
SA-REQ-002-API-06-End Inquiry,End Inquiry,Kết thúc yêu cầu phái cử.,/api/v1/saki/requests/{id}/close,Request Management,POST,,派遣照会詳細 (https://www.notion.so/362f02c407dd80efa751c94cf3b472e4?pvs=21),SAKI Portal,派遣照会を終了する。
SA-REQ-002-API-07-Export Request PDF,Export Request PDF,Xuất thông tin yêu cầu phái cử ra file PDF.,/api/v1/saki/requests/{id}/export,Request Management,POST,,派遣照会詳細 (https://www.notion.so/362f02c407dd80efa751c94cf3b472e4?pvs=21),SAKI Portal,派遣照会情報をPDFとして出力する。
SA-REQ-002-API-08-Delete Request,Delete Request,Xóa hoặc ẩn yêu cầu phái cử khỏi danh sách.,/api/v1/saki/requests/{id},Request Management,DELETE,,派遣照会詳細 (https://www.notion.so/362f02c407dd80efa751c94cf3b472e4?pvs=21),SAKI Portal,派遣照会を削除、または一覧から非表示にする。
SA-REQ-002-API-09-Get Approval Status,Get Approval Status,Lấy danh sách trạng thái phê duyệt của yêu cầu phái cử.,/api/v1/saki/requests/{id}/approval-status,Request Management,GET,,派遣照会詳細 (https://www.notion.so/362f02c407dd80efa751c94cf3b472e4?pvs=21),SAKI Portal,派遣照会の承認状況一覧を取得する。
SA-REQ-002-API-10-Get Target Staffing Company List,Get Target Staffing Company List,Lấy danh sách công ty phái cử đã được gửi yêu cầu.,/api/v1/saki/requests/{id}/target-companies,Request Management,GET,,派遣照会詳細 (https://www.notion.so/362f02c407dd80efa751c94cf3b472e4?pvs=21),SAKI Portal,派遣照会の送信先派遣元会社一覧を取得する。
SA-REQ-002-API-11-Get Response List,Get Response List,Lấy danh sách phản hồi từ các công ty phái cử.,/api/v1/saki/requests/{id}/responses,Request Management,GET,,派遣照会詳細 (https://www.notion.so/362f02c407dd80efa751c94cf3b472e4?pvs=21),SAKI Portal,派遣元会社からの回答一覧を取得する。
SA-REQ-002-API-12-Get Change History,Get Change History,Lấy lịch sử thay đổi nội dung yêu cầu phái cử.,"/api/v1/saki/requests/{id}/histories ",Request Management,GET,,派遣照会詳細 (https://www.notion.so/362f02c407dd80efa751c94cf3b472e4?pvs=21),SAKI Portal,派遣照会内容の変更履歴を取得する。
SA-REQ-002-API-13-Get Attachment List,Get Attachment List,Lấy danh sách file đính kèm của yêu cầu phái cử.,/api/v1/saki/requests/{id}/attachments,Request Management,GET,,派遣照会詳細 (https://www.notion.so/362f02c407dd80efa751c94cf3b472e4?pvs=21),SAKI Portal,派遣照会に添付されたファイル一覧を取得する。
SA-REQ-002-API-14-Download Attachment,Download Attachment,Download file đính kèm của yêu cầu phái cử.,/api/v1/saki/requests/{id}/attachments/{attachment_id}/download,Request Management,GET,,派遣照会詳細 (https://www.notion.so/362f02c407dd80efa751c94cf3b472e4?pvs=21),SAKI Portal,派遣照会の添付ファイルをダウンロードする。
SA-REQ-002-API-15-Add Comment,Add Comment,Thêm comment vào yêu cầu phái cử.,/api/v1/saki/requests/{id}/comments,Request Management,POST,,派遣照会詳細 (https://www.notion.so/362f02c407dd80efa751c94cf3b472e4?pvs=21),SAKI Portal,派遣照会にコメントを追加する。
MO-REQ-002-API-02-Download Request PDF,Download Request PDF,Download file PDF của yêu cầu phái cử.,/api/v1/moto/requests/{id}/pdf,Request Management,GET,"t_dispatch_inquiry, t_dispatch_inquiry_condition, t_dispatch_inquiry_target_company",派遣照会詳細 (https://www.notion.so/362f02c407dd80fb8e3ef701dfd046cb?pvs=21),MOTO Portal,依頼情報をPDFファイルとしてダウンロードする。
MO-REQ-002-API-03-Add Comment,Add Comment,Thêm comment vào yêu cầu phái cử.,/api/v1/moto/requests/{id}/comments,Request Management,POST,"request_comment, request_comment_attachment",派遣照会詳細 (https://www.notion.so/362f02c407dd80fb8e3ef701dfd046cb?pvs=21),MOTO Portal,依頼にコメントを追加する。
MO-REQ-002-API-04-Get Comment History,Get Comment History,Lấy lịch sử comment của yêu cầu phái cử.,/api/v1/moto/requests/{id}/comments,Request Management,GET,"request_comment, request_comment_attachment",派遣照会詳細 (https://www.notion.so/362f02c407dd80fb8e3ef701dfd046cb?pvs=21),MOTO Portal,依頼のコメント履歴を取得する。
MO-REQ-002-API-05-Get Response History,Get Response History,Lấy lịch sử phản hồi của yêu cầu phái cử.,/api/v1/moto/requests/{id}/responses,Request Management,GET,"t_dispatch_estimate, t_dispatch_inquiry_target_company",派遣照会詳細 (https://www.notion.so/362f02c407dd80fb8e3ef701dfd046cb?pvs=21),MOTO Portal,依頼の回答履歴を取得する。
MO-REQ-002-API-06-Get Status History,Get Status History,Lấy lịch sử trạng thái của yêu cầu phái cử.,/api/v1/moto/requests/{id}/status-histories,Request Management,GET,request_status_history,派遣照会詳細 (https://www.notion.so/362f02c407dd80fb8e3ef701dfd046cb?pvs=21),MOTO Portal,依頼のステータス履歴を取得する。
MO-REQ-002-API-07-Get Update History,Get Update History,Lấy lịch sử cập nhật của yêu cầu phái cử.,/api/v1/moto/requests/{id}/histories,Request Management,GET,request_update_history,派遣照会詳細 (https://www.notion.so/362f02c407dd80fb8e3ef701dfd046cb?pvs=21),MOTO Portal,依頼の更新履歴を取得する。
MO-REQ-002-API-08-Download Comment Attachment,Download Comment Attachment,Download file đính kèm trong comment.,/api/v1/moto/requests/{id}/comments/{comment_id}/attachments/{attachment_id}/download,Request Management,GET,request_comment_attachment,派遣照会詳細 (https://www.notion.so/362f02c407dd80fb8e3ef701dfd046cb?pvs=21),MOTO Portal,コメントに添付されたファイルをダウンロードする。
SA-CON-002-API-02-Contract PDF Download,Contract PDF Download,Download PDF hợp đồng theo ID.,/api/v1/saki/contracts/{id}/pdf/download,Contract Management,GET,"t_contract, t_contract_saki_detail, t_contract_download_history",契約詳細 (https://www.notion.so/362f02c407dd8010bdd0ed9edd0d407f?pvs=21),SAKI Portal,ID指定で契約PDFをダウンロードする。
SA-CON-002-API-03-Contract Download History,Contract Download History,Lấy lịch sử download hợp đồng theo ID.,/api/v1/saki/contracts/{id}/download-history,Contract Management,GET,t_contract_download_history,契約詳細 (https://www.notion.so/362f02c407dd8010bdd0ed9edd0d407f?pvs=21),SAKI Portal,ID指定で契約ダウンロード履歴を取得する。
SA-CON-002-API-04-Contract Extension Approval,Contract Extension Approval,Phê duyệt gia hạn hợp đồng.,/api/v1/saki/contracts/{id}/extension/approval,Contract Management,PATCH,"t_contract, t_contract_approval, t_contract_status_history",契約詳細 (https://www.notion.so/362f02c407dd8010bdd0ed9edd0d407f?pvs=21),SAKI Portal,契約延長申請を承認する。
SA-CON-002-API-05-Contract End Confirmation,Contract End Confirmation,Xác nhận kết thúc hợp đồng.,/api/v1/saki/contracts/{id}/end/confirmation,Contract Management,PATCH,"t_contract, t_contract_status_history",契約詳細 (https://www.notion.so/362f02c407dd8010bdd0ed9edd0d407f?pvs=21),SAKI Portal,契約終了内容を確認する。
ST-AUTH-003-API-03-Change Password,Change password,Thay đổi password,/api/v1/staff/auth/password,Authentication,POST,"central_db.mst_tenant, tenant_db.[TBD: staff_account / login_history]","初回ログイン (https://www.notion.so/37df02c407dd8013bdc4dbccb330d8cf?pvs=21), パスワード初期化 (https://www.notion.so/362f02c407dd803a9f8de4dabd39453c?pvs=21)",Staff Mobile APP,